program_id,keyword_id,keyword_name,program_name,recommended_age_span_start,recommended_age_span_end,interest_id1,interest_id2,interest_id3
1,93,립밤,천연립밤 만들기,3,13,16,,
1,94,립스틱,천연립밤 만들기,3,13,16,,
1,243,천연,천연립밤 만들기,3,13,16,,
1,305,화장품,천연립밤 만들기,3,13,16,,
1,245,천연화장품,천연립밤 만들기,3,13,16,,
2,304,화분,예쁜 led 화분 만들기,3,13,5,,
2,223,조명,예쁜 led 화분 만들기,3,13,5,,
2,224,조명화분,예쁜 led 화분 만들기,3,13,5,,
2,6,led,예쁜 led 화분 만들기,3,13,5,,
2,212,전구,예쁜 led 화분 만들기,3,13,5,,
2,213,전구화분,예쁜 led 화분 만들기,3,13,5,,
2,70,다육,예쁜 led 화분 만들기,3,13,5,,
2,71,다육화분,예쁜 led 화분 만들기,3,13,5,,
3,137,샴푸,어린이 천연 샴푸/린스 만들기,3,13,15,,
3,243,천연,어린이 천연 샴푸/린스 만들기,3,13,15,,
3,243,천연,어린이 천연 샴푸/린스 만들기,3,13,15,,
3,137,샴푸,어린이 천연 샴푸/린스 만들기,3,13,15,,
3,92,린스,어린이 천연 샴푸/린스 만들기,3,13,15,,
3,243,천연,어린이 천연 샴푸/린스 만들기,3,13,15,,
3,92,린스,어린이 천연 샴푸/린스 만들기,3,13,15,,
3,243,천연,어린이 천연 샴푸/린스 만들기,3,13,15,,
3,305,화장품,어린이 천연 샴푸/린스 만들기,3,13,15,,
3,243,천연,어린이 천연 샴푸/린스 만들기,3,13,15,,
3,115,바디워시,어린이 천연 샴푸/린스 만들기,3,13,15,,
3,115,바디워시,어린이 천연 샴푸/린스 만들기,3,13,15,,
3,136,샤워,어린이 천연 샴푸/린스 만들기,3,13,15,,
4,260,캘리그라피,캘리그라피 캔버스 꾸미기,7,13,11,,
5,185,염색,염색 공예 체험,3,13,2,,
5,35,공예,염색 공예 체험,3,13,2,,
5,242,천,염색 공예 체험,3,13,2,,
5,155,스카프,염색 공예 체험,3,13,2,,
5,106,물들이기,염색 공예 체험,3,13,2,,
6,78,도자기,알록달록 세라믹 핸드페인팅,7,13,3,,
6,141,세라믹,알록달록 세라믹 핸드페인팅,7,13,3,,
6,298,핸드페인팅,알록달록 세라믹 핸드페인팅,7,13,3,,
6,99,머그컵,알록달록 세라믹 핸드페인팅,7,13,3,,
6,261,컵,알록달록 세라믹 핸드페인팅,7,13,3,,
6,78,도자기,알록달록 세라믹 핸드페인팅,7,13,3,,
6,248,체험,알록달록 세라믹 핸드페인팅,7,13,3,,
6,76,도예,알록달록 세라믹 핸드페인팅,7,13,3,,
6,76,도예,알록달록 세라믹 핸드페인팅,7,13,3,,
6,248,체험,알록달록 세라믹 핸드페인팅,7,13,3,,
7,82,딸기,딸기소이 캔들 만들기,5,13,3,,
7,83,딸기소이,딸기소이 캔들 만들기,5,13,3,,
7,258,캔들,딸기소이 캔들 만들기,5,13,3,,
7,258,캔들,딸기소이 캔들 만들기,5,13,3,,
7,97,만들기,딸기소이 캔들 만들기,5,13,3,,
7,82,딸기,딸기소이 캔들 만들기,5,13,3,,
7,258,캔들,딸기소이 캔들 만들기,5,13,3,,
7,144,소이,딸기소이 캔들 만들기,5,13,3,,
7,258,캔들,딸기소이 캔들 만들기,5,13,3,,
8,7,MP,MP 천연 비누 만들기,3,13,1,,
8,8,MP비누,MP 천연 비누 만들기,3,13,1,,
8,127,비누,MP 천연 비누 만들기,3,13,1,,
8,97,만들기,MP 천연 비누 만들기,3,13,1,,
8,128,비누공예,MP 천연 비누 만들기,3,13,1,,
8,243,천연,MP 천연 비누 만들기,3,13,1,,
8,127,비누,MP 천연 비누 만들기,3,13,1,,
8,257,캐릭터,MP 천연 비누 만들기,3,13,1,,
8,127,비누,MP 천연 비누 만들기,3,13,1,,
8,127,비누,MP 천연 비누 만들기,3,13,1,,
8,54,꾸미기,MP 천연 비누 만들기,3,13,1,,
8,127,비누,MP 천연 비누 만들기,3,13,1,,
8,293,피규어,MP 천연 비누 만들기,3,13,1,,
8,293,피규어,MP 천연 비누 만들기,3,13,1,,
8,127,비누,MP 천연 비누 만들기,3,13,1,,
9,94,립스틱,천연 립스틱 만들기,4,13,16,,
9,243,천연,천연 립스틱 만들기,4,13,16,,
9,243,천연,천연 립스틱 만들기,4,13,16,,
9,94,립스틱,천연 립스틱 만들기,4,13,16,,
9,305,화장품,천연 립스틱 만들기,4,13,16,,
9,245,천연화장품,천연 립스틱 만들기,4,13,16,,
10,243,천연,천연 비누 만들기,3,13,1,,
10,127,비누,천연 비누 만들기,3,13,1,,
10,244,천연비누,천연 비누 만들기,3,13,1,,
10,127,비누,천연 비누 만들기,3,13,1,,
10,97,만들기,천연 비누 만들기,3,13,1,,
10,257,캐릭터,천연 비누 만들기,3,13,1,,
10,127,비누,천연 비누 만들기,3,13,1,,
10,127,비누,천연 비누 만들기,3,13,1,,
10,54,꾸미기,천연 비누 만들기,3,13,1,,
10,115,바디워시,천연 비누 만들기,3,13,1,,
10,148,손씻기,천연 비누 만들기,3,13,1,,
10,293,피규어,천연 비누 만들기,3,13,1,,
10,293,피규어,천연 비누 만들기,3,13,1,,
10,127,비누,천연 비누 만들기,3,13,1,,
11,99,머그컵,머그컵 만들기,6,13,2,19.0,
11,99,머그컵,머그컵 만들기,6,13,2,19.0,
11,54,꾸미기,머그컵 만들기,6,13,2,19.0,
11,261,컵,머그컵 만들기,6,13,2,19.0,
11,97,만들기,머그컵 만들기,6,13,2,19.0,
11,78,도자기,머그컵 만들기,6,13,2,19.0,
11,141,세라믹,머그컵 만들기,6,13,2,19.0,
11,298,핸드페인팅,머그컵 만들기,6,13,2,19.0,
12,297,핸드크림,"핸드크림, 바디로션 만들기",5,13,15,,
12,114,바디로션,"핸드크림, 바디로션 만들기",5,13,15,,
12,243,천연,"핸드크림, 바디로션 만들기",5,13,15,,
12,267,크림,"핸드크림, 바디로션 만들기",5,13,15,,
12,136,샤워,"핸드크림, 바디로션 만들기",5,13,15,,
12,243,천연,"핸드크림, 바디로션 만들기",5,13,15,,
12,305,화장품,"핸드크림, 바디로션 만들기",5,13,15,,
12,305,화장품,"핸드크림, 바디로션 만들기",5,13,15,,
12,136,샤워,"핸드크림, 바디로션 만들기",5,13,15,,
13,78,도자기,도자기 만들기,7,13,2,,
13,141,세라믹,도자기 만들기,7,13,2,,
13,77,도예체험,도자기 만들기,7,13,2,,
13,76,도예,도자기 만들기,7,13,2,,
13,306,흙,도자기 만들기,7,13,2,,
13,62,놀이,도자기 만들기,7,13,2,,
13,306,흙,도자기 만들기,7,13,2,,
13,218,접시,도자기 만들기,7,13,2,,
13,219,접시만들기,도자기 만들기,7,13,2,,
13,45,그릇,도자기 만들기,7,13,2,,
13,257,캐릭터,도자기 만들기,7,13,2,,
13,218,접시,도자기 만들기,7,13,2,,
14,258,캔들,크리스마스 젤 캔들 홀더 만들기,4,13,3,,
14,259,캔들만들기,크리스마스 젤 캔들 홀더 만들기,4,13,3,,
14,266,크리스마스,크리스마스 젤 캔들 홀더 만들기,4,13,3,,
14,221,젤,크리스마스 젤 캔들 홀더 만들기,4,13,3,,
14,258,캔들,크리스마스 젤 캔들 홀더 만들기,4,13,3,,
14,221,젤,크리스마스 젤 캔들 홀더 만들기,4,13,3,,
14,299,향기,크리스마스 젤 캔들 홀더 만들기,4,13,3,,
14,301,향초,크리스마스 젤 캔들 홀더 만들기,4,13,3,,
15,258,캔들,원형 젤 캔들 만들기,3,13,3,,
15,259,캔들만들기,원형 젤 캔들 만들기,3,13,3,,
15,197,원형,원형 젤 캔들 만들기,3,13,3,,
15,258,캔들,원형 젤 캔들 만들기,3,13,3,,
15,221,젤,원형 젤 캔들 만들기,3,13,3,,
15,221,젤,원형 젤 캔들 만들기,3,13,3,,
15,258,캔들,원형 젤 캔들 만들기,3,13,3,,
15,299,향기,원형 젤 캔들 만들기,3,13,3,,
15,301,향초,원형 젤 캔들 만들기,3,13,3,,
16,139,석고,석고 접시 만들기,3,13,4,,
16,218,접시,석고 접시 만들기,3,13,4,,
16,45,그릇,석고 접시 만들기,3,13,4,,
16,139,석고,석고 접시 만들기,3,13,4,,
16,218,접시,석고 접시 만들기,3,13,4,,
17,78,도자기,물레체험,8,13,2,,
17,107,물레,물레체험,8,13,2,,
17,108,물레체험,물레체험,8,13,2,,
17,141,세라믹,물레체험,8,13,2,,
17,77,도예체험,물레체험,8,13,2,,
17,76,도예,물레체험,8,13,2,,
17,306,흙,물레체험,8,13,2,,
17,62,놀이,물레체험,8,13,2,,
17,306,흙,물레체험,8,13,2,,
17,218,접시,물레체험,8,13,2,,
17,219,접시만들기,물레체험,8,13,2,,
17,45,그릇,물레체험,8,13,2,,
17,303,화병,물레체험,8,13,2,,
17,261,컵,물레체험,8,13,2,,
18,99,머그컵,머그컵 핸드페인팅,7,13,2,19.0,
18,99,머그컵,머그컵 핸드페인팅,7,13,2,19.0,
18,54,꾸미기,머그컵 핸드페인팅,7,13,2,19.0,
18,261,컵,머그컵 핸드페인팅,7,13,2,19.0,
18,97,만들기,머그컵 핸드페인팅,7,13,2,19.0,
18,78,도자기,머그컵 핸드페인팅,7,13,2,19.0,
18,141,세라믹,머그컵 핸드페인팅,7,13,2,19.0,
18,298,핸드페인팅,머그컵 핸드페인팅,7,13,2,19.0,
19,78,도자기,미키마우스 접시 만들기,7,13,2,,
19,141,세라믹,미키마우스 접시 만들기,7,13,2,,
19,77,도예체험,미키마우스 접시 만들기,7,13,2,,
19,76,도예,미키마우스 접시 만들기,7,13,2,,
19,306,흙,미키마우스 접시 만들기,7,13,2,,
19,62,놀이,미키마우스 접시 만들기,7,13,2,,
19,306,흙,미키마우스 접시 만들기,7,13,2,,
19,218,접시,미키마우스 접시 만들기,7,13,2,,
19,219,접시만들기,미키마우스 접시 만들기,7,13,2,,
19,45,그릇,미키마우스 접시 만들기,7,13,2,,
19,257,캐릭터,미키마우스 접시 만들기,7,13,2,,
19,218,접시,미키마우스 접시 만들기,7,13,2,,
20,78,도자기,손바닥 접시 만들기,6,13,2,,
20,141,세라믹,손바닥 접시 만들기,6,13,2,,
20,77,도예체험,손바닥 접시 만들기,6,13,2,,
20,76,도예,손바닥 접시 만들기,6,13,2,,
20,306,흙,손바닥 접시 만들기,6,13,2,,
20,62,놀이,손바닥 접시 만들기,6,13,2,,
20,306,흙,손바닥 접시 만들기,6,13,2,,
20,218,접시,손바닥 접시 만들기,6,13,2,,
20,219,접시만들기,손바닥 접시 만들기,6,13,2,,
20,45,그릇,손바닥 접시 만들기,6,13,2,,
20,257,캐릭터,손바닥 접시 만들기,6,13,2,,
20,218,접시,손바닥 접시 만들기,6,13,2,,
20,56,나만의,손바닥 접시 만들기,6,13,2,,
20,218,접시,손바닥 접시 만들기,6,13,2,,
20,147,손바닥,손바닥 접시 만들기,6,13,2,,
20,218,접시,손바닥 접시 만들기,6,13,2,,
21,142,소가죽,소가죽 지퍼 반지갑 만들기,9,13,10,12.0,
21,142,소가죽,소가죽 지퍼 반지갑 만들기,9,13,10,12.0,
21,237,지퍼,소가죽 지퍼 반지갑 만들기,9,13,10,12.0,
21,117,반지갑,소가죽 지퍼 반지갑 만들기,9,13,10,12.0,
21,236,지갑,소가죽 지퍼 반지갑 만들기,9,13,10,12.0,
21,17,가죽,소가죽 지퍼 반지갑 만들기,9,13,10,12.0,
21,35,공예,소가죽 지퍼 반지갑 만들기,9,13,10,12.0,
21,17,가죽,소가죽 지퍼 반지갑 만들기,9,13,10,12.0,
21,237,지퍼,소가죽 지퍼 반지갑 만들기,9,13,10,12.0,
21,236,지갑,소가죽 지퍼 반지갑 만들기,9,13,10,12.0,
21,237,지퍼,소가죽 지퍼 반지갑 만들기,9,13,10,12.0,
22,184,열쇠고리,가죽 리본 열쇠고리 만들기,8,13,10,21.0,
22,183,열쇠,가죽 리본 열쇠고리 만들기,8,13,10,21.0,
22,268,키링,가죽 리본 열쇠고리 만들기,8,13,10,21.0,
22,17,가죽,가죽 리본 열쇠고리 만들기,8,13,10,21.0,
22,184,열쇠고리,가죽 리본 열쇠고리 만들기,8,13,10,21.0,
22,17,가죽,가죽 리본 열쇠고리 만들기,8,13,10,21.0,
22,183,열쇠,가죽 리본 열쇠고리 만들기,8,13,10,21.0,
22,17,가죽,가죽 리본 열쇠고리 만들기,8,13,10,21.0,
22,268,키링,가죽 리본 열쇠고리 만들기,8,13,10,21.0,
22,91,리본,가죽 리본 열쇠고리 만들기,8,13,10,21.0,
22,184,열쇠고리,가죽 리본 열쇠고리 만들기,8,13,10,21.0,
22,91,리본,가죽 리본 열쇠고리 만들기,8,13,10,21.0,
22,91,리본,가죽 리본 열쇠고리 만들기,8,13,10,21.0,
22,268,키링,가죽 리본 열쇠고리 만들기,8,13,10,21.0,
22,91,리본,가죽 리본 열쇠고리 만들기,8,13,10,21.0,
22,17,가죽,가죽 리본 열쇠고리 만들기,8,13,10,21.0,
22,184,열쇠고리,가죽 리본 열쇠고리 만들기,8,13,10,21.0,
23,3,CP,CP천연 비누 만들기,3,13,1,,
23,4,CP비누,CP천연 비누 만들기,3,13,1,,
23,127,비누,CP천연 비누 만들기,3,13,1,,
23,97,만들기,CP천연 비누 만들기,3,13,1,,
23,128,비누공예,CP천연 비누 만들기,3,13,1,,
23,243,천연,CP천연 비누 만들기,3,13,1,,
23,127,비누,CP천연 비누 만들기,3,13,1,,
23,257,캐릭터,CP천연 비누 만들기,3,13,1,,
23,127,비누,CP천연 비누 만들기,3,13,1,,
23,127,비누,CP천연 비누 만들기,3,13,1,,
23,54,꾸미기,CP천연 비누 만들기,3,13,1,,
23,127,비누,CP천연 비누 만들기,3,13,1,,
24,258,캔들,케이크 캔들 만들기,4,13,3,,
24,259,캔들만들기,케이크 캔들 만들기,4,13,3,,
24,263,케이크,케이크 캔들 만들기,4,13,3,,
24,258,캔들,케이크 캔들 만들기,4,13,3,,
24,263,케이크,케이크 캔들 만들기,4,13,3,,
24,100,모양,케이크 캔들 만들기,4,13,3,,
24,258,캔들,케이크 캔들 만들기,4,13,3,,
24,299,향기,케이크 캔들 만들기,4,13,3,,
24,301,향초,케이크 캔들 만들기,4,13,3,,
25,172,아쿠아리움,아쿠아리움 체험,3,13,104,,
25,153,수족관,아쿠아리움 체험,3,13,104,,
26,95,마술,마술쇼,3,13,97,,
26,96,마술쇼,마술쇼,3,13,97,,
26,98,매직,마술쇼,3,13,97,,
26,39,과학,마술쇼,3,13,97,,
27,88,롤러브레이드,롤러장,3,13,37,,
27,205,인라인스케이트,롤러장,3,13,37,,
27,206,인라인스케이팅,롤러장,3,13,37,,
27,89,롤러장,롤러장,3,13,37,,
28,57,낚시,낚시 카페,3,13,105,,
28,57,낚시,낚시 카페,3,13,105,,
28,255,카페,낚시 카페,3,13,105,,
28,255,카페,낚시 카페,3,13,105,,
28,271,키즈카페,낚시 카페,3,13,105,,
28,105,물고기,낚시 카페,3,13,105,,
28,57,낚시,낚시 카페,3,13,105,,
28,248,체험,낚시 카페,3,13,105,,
29,265,쿠킹,헨젤과 그레텔 과자집 만들기,3,13,59,,
29,123,베이킹,헨젤과 그레텔 과자집 만들기,3,13,59,,
29,38,과자,헨젤과 그레텔 과자집 만들기,3,13,59,,
29,171,아이싱,헨젤과 그레텔 과자집 만들기,3,13,59,,
29,264,쿠키,헨젤과 그레텔 과자집 만들기,3,13,59,,
29,264,쿠키,헨젤과 그레텔 과자집 만들기,3,13,59,,
29,171,아이싱,헨젤과 그레텔 과자집 만들기,3,13,59,,
29,188,오븐,헨젤과 그레텔 과자집 만들기,3,13,59,,
29,182,양식,헨젤과 그레텔 과자집 만들기,3,13,59,,
29,190,요리,헨젤과 그레텔 과자집 만들기,3,13,59,,
29,230,주방,헨젤과 그레텔 과자집 만들기,3,13,59,,
29,263,케이크,헨젤과 그레텔 과자집 만들기,3,13,59,,
29,281,파이,헨젤과 그레텔 과자집 만들기,3,13,59,,
29,302,호두과자,헨젤과 그레텔 과자집 만들기,3,13,59,,
30,265,쿠킹,피자 만들기,3,13,64,,
30,123,베이킹,피자 만들기,3,13,64,,
30,38,과자,피자 만들기,3,13,64,,
30,171,아이싱,피자 만들기,3,13,64,,
30,264,쿠키,피자 만들기,3,13,64,,
30,264,쿠키,피자 만들기,3,13,64,,
30,171,아이싱,피자 만들기,3,13,64,,
30,188,오븐,피자 만들기,3,13,64,,
30,182,양식,피자 만들기,3,13,64,,
30,190,요리,피자 만들기,3,13,64,,
30,230,주방,피자 만들기,3,13,64,,
30,263,케이크,피자 만들기,3,13,64,,
30,281,파이,피자 만들기,3,13,64,,
30,302,호두과자,피자 만들기,3,13,64,,
31,265,쿠킹,쿠키 만들기,3,13,59,,
31,123,베이킹,쿠키 만들기,3,13,59,,
31,38,과자,쿠키 만들기,3,13,59,,
31,171,아이싱,쿠키 만들기,3,13,59,,
31,264,쿠키,쿠키 만들기,3,13,59,,
31,264,쿠키,쿠키 만들기,3,13,59,,
31,171,아이싱,쿠키 만들기,3,13,59,,
31,188,오븐,쿠키 만들기,3,13,59,,
31,182,양식,쿠키 만들기,3,13,59,,
31,190,요리,쿠키 만들기,3,13,59,,
31,230,주방,쿠키 만들기,3,13,59,,
31,263,케이크,쿠키 만들기,3,13,59,,
31,281,파이,쿠키 만들기,3,13,59,,
31,302,호두과자,쿠키 만들기,3,13,59,,
32,265,쿠킹,케이크 만들기,3,13,54,,
32,123,베이킹,케이크 만들기,3,13,54,,
32,38,과자,케이크 만들기,3,13,54,,
32,171,아이싱,케이크 만들기,3,13,54,,
32,264,쿠키,케이크 만들기,3,13,54,,
32,264,쿠키,케이크 만들기,3,13,54,,
32,171,아이싱,케이크 만들기,3,13,54,,
32,188,오븐,케이크 만들기,3,13,54,,
32,182,양식,케이크 만들기,3,13,54,,
32,190,요리,케이크 만들기,3,13,54,,
32,230,주방,케이크 만들기,3,13,54,,
32,263,케이크,케이크 만들기,3,13,54,,
32,281,파이,케이크 만들기,3,13,54,,
32,302,호두과자,케이크 만들기,3,13,54,,
33,75,도시락,캐릭터 도시락 만들기,3,13,63,64.0,65.0
33,97,만들기,캐릭터 도시락 만들기,3,13,63,64.0,65.0
33,75,도시락,캐릭터 도시락 만들기,3,13,63,64.0,65.0
33,295,한식,캐릭터 도시락 만들기,3,13,63,64.0,65.0
33,257,캐릭터,캐릭터 도시락 만들기,3,13,63,64.0,65.0
33,257,캐릭터,캐릭터 도시락 만들기,3,13,63,64.0,65.0
33,75,도시락,캐릭터 도시락 만들기,3,13,63,64.0,65.0
33,257,캐릭터,캐릭터 도시락 만들기,3,13,63,64.0,65.0
33,295,한식,캐릭터 도시락 만들기,3,13,63,64.0,65.0
33,182,양식,캐릭터 도시락 만들기,3,13,63,64.0,65.0
33,208,일식,캐릭터 도시락 만들기,3,13,63,64.0,65.0
33,233,중식,캐릭터 도시락 만들기,3,13,63,64.0,65.0
33,190,요리,캐릭터 도시락 만들기,3,13,63,64.0,65.0
33,230,주방,캐릭터 도시락 만들기,3,13,63,64.0,65.0
34,265,쿠킹,호두파이 만들기,3,13,64,,
34,123,베이킹,호두파이 만들기,3,13,64,,
34,38,과자,호두파이 만들기,3,13,64,,
34,171,아이싱,호두파이 만들기,3,13,64,,
34,264,쿠키,호두파이 만들기,3,13,64,,
34,264,쿠키,호두파이 만들기,3,13,64,,
34,171,아이싱,호두파이 만들기,3,13,64,,
34,188,오븐,호두파이 만들기,3,13,64,,
34,182,양식,호두파이 만들기,3,13,64,,
34,190,요리,호두파이 만들기,3,13,64,,
34,230,주방,호두파이 만들기,3,13,64,,
34,263,케이크,호두파이 만들기,3,13,64,,
34,281,파이,호두파이 만들기,3,13,64,,
34,302,호두과자,호두파이 만들기,3,13,64,,
35,265,쿠킹,쿠키 케익 만들기,3,13,54,59.0,
35,123,베이킹,쿠키 케익 만들기,3,13,54,59.0,
35,38,과자,쿠키 케익 만들기,3,13,54,59.0,
35,171,아이싱,쿠키 케익 만들기,3,13,54,59.0,
35,264,쿠키,쿠키 케익 만들기,3,13,54,59.0,
35,264,쿠키,쿠키 케익 만들기,3,13,54,59.0,
35,171,아이싱,쿠키 케익 만들기,3,13,54,59.0,
35,188,오븐,쿠키 케익 만들기,3,13,54,59.0,
35,182,양식,쿠키 케익 만들기,3,13,54,59.0,
35,190,요리,쿠키 케익 만들기,3,13,54,59.0,
35,230,주방,쿠키 케익 만들기,3,13,54,59.0,
35,263,케이크,쿠키 케익 만들기,3,13,54,59.0,
35,281,파이,쿠키 케익 만들기,3,13,54,59.0,
35,302,호두과자,쿠키 케익 만들기,3,13,54,59.0,
36,265,쿠킹,쿠키 아이싱,3,13,59,,
36,123,베이킹,쿠키 아이싱,3,13,59,,
36,38,과자,쿠키 아이싱,3,13,59,,
36,171,아이싱,쿠키 아이싱,3,13,59,,
36,264,쿠키,쿠키 아이싱,3,13,59,,
36,264,쿠키,쿠키 아이싱,3,13,59,,
36,171,아이싱,쿠키 아이싱,3,13,59,,
36,188,오븐,쿠키 아이싱,3,13,59,,
36,182,양식,쿠키 아이싱,3,13,59,,
36,190,요리,쿠키 아이싱,3,13,59,,
36,230,주방,쿠키 아이싱,3,13,59,,
36,263,케이크,쿠키 아이싱,3,13,59,,
36,281,파이,쿠키 아이싱,3,13,59,,
36,302,호두과자,쿠키 아이싱,3,13,59,,
37,84,떡,돼지떡바 만들기,3,13,56,,
37,85,떡공예,돼지떡바 만들기,3,13,56,,
37,84,떡,돼지떡바 만들기,3,13,56,,
37,97,만들기,돼지떡바 만들기,3,13,56,,
37,248,체험,돼지떡바 만들기,3,13,56,,
37,84,떡,돼지떡바 만들기,3,13,56,,
37,97,만들기,돼지떡바 만들기,3,13,56,,
37,295,한식,돼지떡바 만들기,3,13,56,,
37,215,전통,돼지떡바 만들기,3,13,56,,
37,21,간식,돼지떡바 만들기,3,13,56,,
37,215,전통,돼지떡바 만들기,3,13,56,,
38,265,쿠킹,오란다 강정 만들기,3,13,60,63.0,64.0
38,123,베이킹,오란다 강정 만들기,3,13,60,63.0,64.0
38,38,과자,오란다 강정 만들기,3,13,60,63.0,64.0
38,171,아이싱,오란다 강정 만들기,3,13,60,63.0,64.0
38,264,쿠키,오란다 강정 만들기,3,13,60,63.0,64.0
38,264,쿠키,오란다 강정 만들기,3,13,60,63.0,64.0
38,171,아이싱,오란다 강정 만들기,3,13,60,63.0,64.0
38,188,오븐,오란다 강정 만들기,3,13,60,63.0,64.0
38,182,양식,오란다 강정 만들기,3,13,60,63.0,64.0
38,190,요리,오란다 강정 만들기,3,13,60,63.0,64.0
38,230,주방,오란다 강정 만들기,3,13,60,63.0,64.0
38,263,케이크,오란다 강정 만들기,3,13,60,63.0,64.0
38,281,파이,오란다 강정 만들기,3,13,60,63.0,64.0
38,302,호두과자,오란다 강정 만들기,3,13,60,63.0,64.0
38,295,한식,오란다 강정 만들기,3,13,60,63.0,64.0
38,215,전통,오란다 강정 만들기,3,13,60,63.0,64.0
38,215,전통,오란다 강정 만들기,3,13,60,63.0,64.0
38,21,간식,오란다 강정 만들기,3,13,60,63.0,64.0
39,84,떡,떡공예,3,13,56,,
39,85,떡공예,떡공예,3,13,56,,
39,84,떡,떡공예,3,13,56,,
39,97,만들기,떡공예,3,13,56,,
39,248,체험,떡공예,3,13,56,,
39,84,떡,떡공예,3,13,56,,
39,97,만들기,떡공예,3,13,56,,
39,295,한식,떡공예,3,13,56,,
39,215,전통,떡공예,3,13,56,,
39,21,간식,떡공예,3,13,56,,
39,215,전통,떡공예,3,13,56,,
40,265,쿠킹,고구마빵 만들기,3,13,55,56.0,57.0
40,123,베이킹,고구마빵 만들기,3,13,55,56.0,57.0
40,38,과자,고구마빵 만들기,3,13,55,56.0,57.0
40,171,아이싱,고구마빵 만들기,3,13,55,56.0,57.0
40,264,쿠키,고구마빵 만들기,3,13,55,56.0,57.0
40,264,쿠키,고구마빵 만들기,3,13,55,56.0,57.0
40,171,아이싱,고구마빵 만들기,3,13,55,56.0,57.0
40,188,오븐,고구마빵 만들기,3,13,55,56.0,57.0
40,182,양식,고구마빵 만들기,3,13,55,56.0,57.0
40,190,요리,고구마빵 만들기,3,13,55,56.0,57.0
40,230,주방,고구마빵 만들기,3,13,55,56.0,57.0
40,263,케이크,고구마빵 만들기,3,13,55,56.0,57.0
40,281,파이,고구마빵 만들기,3,13,55,56.0,57.0
40,302,호두과자,고구마빵 만들기,3,13,55,56.0,57.0
40,27,고구마빵,고구마빵 만들기,3,13,55,56.0,57.0
40,26,고구마,고구마빵 만들기,3,13,55,56.0,57.0
40,132,빵,고구마빵 만들기,3,13,55,56.0,57.0
40,220,제빵,고구마빵 만들기,3,13,55,56.0,57.0
41,265,쿠킹,쌀케이크 만들기,3,13,55,56.0,
41,123,베이킹,쌀케이크 만들기,3,13,55,56.0,
41,38,과자,쌀케이크 만들기,3,13,55,56.0,
41,171,아이싱,쌀케이크 만들기,3,13,55,56.0,
41,264,쿠키,쌀케이크 만들기,3,13,55,56.0,
41,264,쿠키,쌀케이크 만들기,3,13,55,56.0,
41,171,아이싱,쌀케이크 만들기,3,13,55,56.0,
41,188,오븐,쌀케이크 만들기,3,13,55,56.0,
41,182,양식,쌀케이크 만들기,3,13,55,56.0,
41,190,요리,쌀케이크 만들기,3,13,55,56.0,
41,230,주방,쌀케이크 만들기,3,13,55,56.0,
41,263,케이크,쌀케이크 만들기,3,13,55,56.0,
41,281,파이,쌀케이크 만들기,3,13,55,56.0,
41,302,호두과자,쌀케이크 만들기,3,13,55,56.0,
41,164,쌀,쌀케이크 만들기,3,13,55,56.0,
41,85,떡공예,쌀케이크 만들기,3,13,55,56.0,
42,265,쿠킹,쌀쿠키 만들기,3,13,56,59.0,
42,123,베이킹,쌀쿠키 만들기,3,13,56,59.0,
42,38,과자,쌀쿠키 만들기,3,13,56,59.0,
42,171,아이싱,쌀쿠키 만들기,3,13,56,59.0,
42,264,쿠키,쌀쿠키 만들기,3,13,56,59.0,
42,264,쿠키,쌀쿠키 만들기,3,13,56,59.0,
42,171,아이싱,쌀쿠키 만들기,3,13,56,59.0,
42,188,오븐,쌀쿠키 만들기,3,13,56,59.0,
42,182,양식,쌀쿠키 만들기,3,13,56,59.0,
42,190,요리,쌀쿠키 만들기,3,13,56,59.0,
42,230,주방,쌀쿠키 만들기,3,13,56,59.0,
42,263,케이크,쌀쿠키 만들기,3,13,56,59.0,
42,281,파이,쌀쿠키 만들기,3,13,56,59.0,
42,302,호두과자,쌀쿠키 만들기,3,13,56,59.0,
42,164,쌀,쌀쿠키 만들기,3,13,56,59.0,
42,85,떡공예,쌀쿠키 만들기,3,13,56,59.0,
43,265,쿠킹,쌀머핀 만들기,3,13,55,56.0,
43,123,베이킹,쌀머핀 만들기,3,13,55,56.0,
43,38,과자,쌀머핀 만들기,3,13,55,56.0,
43,171,아이싱,쌀머핀 만들기,3,13,55,56.0,
43,264,쿠키,쌀머핀 만들기,3,13,55,56.0,
43,264,쿠키,쌀머핀 만들기,3,13,55,56.0,
43,171,아이싱,쌀머핀 만들기,3,13,55,56.0,
43,188,오븐,쌀머핀 만들기,3,13,55,56.0,
43,182,양식,쌀머핀 만들기,3,13,55,56.0,
43,190,요리,쌀머핀 만들기,3,13,55,56.0,
43,230,주방,쌀머핀 만들기,3,13,55,56.0,
43,263,케이크,쌀머핀 만들기,3,13,55,56.0,
43,281,파이,쌀머핀 만들기,3,13,55,56.0,
43,302,호두과자,쌀머핀 만들기,3,13,55,56.0,
43,164,쌀,쌀머핀 만들기,3,13,55,56.0,
43,85,떡공예,쌀머핀 만들기,3,13,55,56.0,
44,265,쿠킹,할로윈 쿠키몬스터 만들기,3,13,60,,
44,123,베이킹,할로윈 쿠키몬스터 만들기,3,13,60,,
44,38,과자,할로윈 쿠키몬스터 만들기,3,13,60,,
44,171,아이싱,할로윈 쿠키몬스터 만들기,3,13,60,,
44,264,쿠키,할로윈 쿠키몬스터 만들기,3,13,60,,
44,264,쿠키,할로윈 쿠키몬스터 만들기,3,13,60,,
44,171,아이싱,할로윈 쿠키몬스터 만들기,3,13,60,,
44,188,오븐,할로윈 쿠키몬스터 만들기,3,13,60,,
44,182,양식,할로윈 쿠키몬스터 만들기,3,13,60,,
44,190,요리,할로윈 쿠키몬스터 만들기,3,13,60,,
44,230,주방,할로윈 쿠키몬스터 만들기,3,13,60,,
44,263,케이크,할로윈 쿠키몬스터 만들기,3,13,60,,
44,281,파이,할로윈 쿠키몬스터 만들기,3,13,60,,
44,302,호두과자,할로윈 쿠키몬스터 만들기,3,13,60,,
45,251,초콜릿,수제 초콜릿 만들기,3,13,59,,
45,151,수제,수제 초콜릿 만들기,3,13,59,,
45,251,초콜릿,수제 초콜릿 만들기,3,13,59,,
45,265,쿠킹,수제 초콜릿 만들기,3,13,59,,
45,123,베이킹,수제 초콜릿 만들기,3,13,59,,
45,38,과자,수제 초콜릿 만들기,3,13,59,,
45,171,아이싱,수제 초콜릿 만들기,3,13,59,,
45,264,쿠키,수제 초콜릿 만들기,3,13,59,,
45,264,쿠키,수제 초콜릿 만들기,3,13,59,,
45,171,아이싱,수제 초콜릿 만들기,3,13,59,,
45,188,오븐,수제 초콜릿 만들기,3,13,59,,
45,182,양식,수제 초콜릿 만들기,3,13,59,,
45,190,요리,수제 초콜릿 만들기,3,13,59,,
45,230,주방,수제 초콜릿 만들기,3,13,59,,
45,263,케이크,수제 초콜릿 만들기,3,13,59,,
45,281,파이,수제 초콜릿 만들기,3,13,59,,
45,302,호두과자,수제 초콜릿 만들기,3,13,59,,
45,26,고구마,수제 초콜릿 만들기,3,13,59,,
45,132,빵,수제 초콜릿 만들기,3,13,59,,
46,265,쿠킹,콘쿠키 만들기,3,13,59,,
46,123,베이킹,콘쿠키 만들기,3,13,59,,
46,38,과자,콘쿠키 만들기,3,13,59,,
46,171,아이싱,콘쿠키 만들기,3,13,59,,
46,264,쿠키,콘쿠키 만들기,3,13,59,,
46,264,쿠키,콘쿠키 만들기,3,13,59,,
46,171,아이싱,콘쿠키 만들기,3,13,59,,
46,188,오븐,콘쿠키 만들기,3,13,59,,
46,182,양식,콘쿠키 만들기,3,13,59,,
46,190,요리,콘쿠키 만들기,3,13,59,,
46,230,주방,콘쿠키 만들기,3,13,59,,
46,263,케이크,콘쿠키 만들기,3,13,59,,
46,281,파이,콘쿠키 만들기,3,13,59,,
46,302,호두과자,콘쿠키 만들기,3,13,59,,
47,265,쿠킹,퓨전롤떡케이크 만들기,3,13,54,56.0,
47,123,베이킹,퓨전롤떡케이크 만들기,3,13,54,56.0,
47,38,과자,퓨전롤떡케이크 만들기,3,13,54,56.0,
47,171,아이싱,퓨전롤떡케이크 만들기,3,13,54,56.0,
47,264,쿠키,퓨전롤떡케이크 만들기,3,13,54,56.0,
47,264,쿠키,퓨전롤떡케이크 만들기,3,13,54,56.0,
47,171,아이싱,퓨전롤떡케이크 만들기,3,13,54,56.0,
47,188,오븐,퓨전롤떡케이크 만들기,3,13,54,56.0,
47,182,양식,퓨전롤떡케이크 만들기,3,13,54,56.0,
47,190,요리,퓨전롤떡케이크 만들기,3,13,54,56.0,
47,230,주방,퓨전롤떡케이크 만들기,3,13,54,56.0,
47,263,케이크,퓨전롤떡케이크 만들기,3,13,54,56.0,
47,281,파이,퓨전롤떡케이크 만들기,3,13,54,56.0,
47,302,호두과자,퓨전롤떡케이크 만들기,3,13,54,56.0,
47,164,쌀,퓨전롤떡케이크 만들기,3,13,54,56.0,
47,85,떡공예,퓨전롤떡케이크 만들기,3,13,54,56.0,
48,119,발레,발레 체험,5,13,48,,
48,120,발레체험,발레 체험,5,13,48,,
48,104,무용,발레 체험,5,13,48,,
48,186,예술,발레 체험,5,13,48,,
49,178,암벽,암벽 체험,8,13,27,,
49,179,암벽등반,암벽 체험,8,13,27,,
49,159,스포츠,암벽 체험,8,13,27,,
49,180,암벽타기,암벽 체험,8,13,27,,
49,125,벽,암벽 체험,8,13,27,,
50,274,테니스,테니스 체험,6,13,34,,
50,275,테니스체험,테니스 체험,6,13,34,,
50,193,운동,테니스 체험,6,13,34,,
50,159,스포츠,테니스 체험,6,13,34,,
50,199,유아체육,테니스 체험,6,13,34,,
50,247,체육,테니스 체험,6,13,34,,
50,274,테니스,테니스 체험,6,13,34,,
50,24,강습,테니스 체험,6,13,34,,
51,271,키즈카페,키즈카페,3,13,105,,
51,255,카페,키즈카페,3,13,105,,
51,65,놀이터,키즈카페,3,13,105,,
51,162,실내,키즈카페,3,13,105,,
51,65,놀이터,키즈카페,3,13,105,,
51,162,실내,키즈카페,3,13,105,,
52,300,향수,고체 향수 만들기,3,13,18,,
52,301,향초,고체 향수 만들기,3,13,18,,
52,299,향기,고체 향수 만들기,3,13,18,,
52,285,퍼퓸,고체 향수 만들기,3,13,18,,
52,29,고체,고체 향수 만들기,3,13,18,,
52,300,향수,고체 향수 만들기,3,13,18,,
52,29,고체,고체 향수 만들기,3,13,18,,
53,286,페이퍼,페이퍼 아트,3,13,17,,
53,176,아트,페이퍼 아트,3,13,17,,
53,286,페이퍼,페이퍼 아트,3,13,17,,
53,296,한지,페이퍼 아트,3,13,17,,
53,35,공예,페이퍼 아트,3,13,17,,
53,286,페이퍼,페이퍼 아트,3,13,17,,
53,35,공예,페이퍼 아트,3,13,17,,
53,296,한지,페이퍼 아트,3,13,17,,
53,35,공예,페이퍼 아트,3,13,17,,
53,133,색종이,페이퍼 아트,3,13,17,,
53,133,색종이,페이퍼 아트,3,13,17,,
53,217,접기,페이퍼 아트,3,13,17,,
53,226,종이,페이퍼 아트,3,13,17,,
53,217,접기,페이퍼 아트,3,13,17,,
54,146,손뜨개,손뜨개 인형 만들기,2,13,6,20.0,
54,86,뜨개질,손뜨개 인형 만들기,2,13,6,20.0,
54,207,인형,손뜨개 인형 만들기,2,13,6,20.0,
54,146,손뜨개,손뜨개 인형 만들기,2,13,6,20.0,
54,207,인형,손뜨개 인형 만들기,2,13,6,20.0,
54,113,바느질,손뜨개 인형 만들기,2,13,6,20.0,
54,111,미싱,손뜨개 인형 만들기,2,13,6,20.0,
54,177,악세사리,손뜨개 인형 만들기,2,13,6,20.0,
54,163,십자수,손뜨개 인형 만들기,2,13,6,20.0,
55,146,손뜨개,십자수 체험,5,13,6,,
55,86,뜨개질,십자수 체험,5,13,6,,
55,207,인형,십자수 체험,5,13,6,,
55,146,손뜨개,십자수 체험,5,13,6,,
55,207,인형,십자수 체험,5,13,6,,
55,113,바느질,십자수 체험,5,13,6,,
55,111,미싱,십자수 체험,5,13,6,,
55,177,악세사리,십자수 체험,5,13,6,,
55,163,십자수,십자수 체험,5,13,6,,
56,243,천연,피규어 비누 만들기,4,13,1,,
56,127,비누,피규어 비누 만들기,4,13,1,,
56,244,천연비누,피규어 비누 만들기,4,13,1,,
56,127,비누,피규어 비누 만들기,4,13,1,,
56,97,만들기,피규어 비누 만들기,4,13,1,,
56,257,캐릭터,피규어 비누 만들기,4,13,1,,
56,127,비누,피규어 비누 만들기,4,13,1,,
56,127,비누,피규어 비누 만들기,4,13,1,,
56,54,꾸미기,피규어 비누 만들기,4,13,1,,
56,115,바디워시,피규어 비누 만들기,4,13,1,,
56,148,손씻기,피규어 비누 만들기,4,13,1,,
56,293,피규어,피규어 비누 만들기,4,13,1,,
56,293,피규어,피규어 비누 만들기,4,13,1,,
56,127,비누,피규어 비누 만들기,4,13,1,,
57,187,오르골,오르골 만들기,6,13,106,,
58,243,천연,컬러 비누 만들기,3,13,1,,
58,127,비누,컬러 비누 만들기,3,13,1,,
58,244,천연비누,컬러 비누 만들기,3,13,1,,
58,127,비누,컬러 비누 만들기,3,13,1,,
58,97,만들기,컬러 비누 만들기,3,13,1,,
58,257,캐릭터,컬러 비누 만들기,3,13,1,,
58,127,비누,컬러 비누 만들기,3,13,1,,
58,127,비누,컬러 비누 만들기,3,13,1,,
58,54,꾸미기,컬러 비누 만들기,3,13,1,,
58,115,바디워시,컬러 비누 만들기,3,13,1,,
58,148,손씻기,컬러 비누 만들기,3,13,1,,
58,293,피규어,컬러 비누 만들기,3,13,1,,
58,293,피규어,컬러 비누 만들기,3,13,1,,
58,127,비누,컬러 비누 만들기,3,13,1,,
59,253,카드,카드지갑 만들기,6,13,12,,
59,254,카드지갑,카드지갑 만들기,6,13,12,,
59,17,가죽,카드지갑 만들기,6,13,12,,
59,35,공예,카드지갑 만들기,6,13,12,,
59,17,가죽,카드지갑 만들기,6,13,12,,
59,19,가죽지갑,카드지갑 만들기,6,13,12,,
59,42,교통카드,카드지갑 만들기,6,13,12,,
59,236,지갑,카드지갑 만들기,6,13,12,,
60,265,쿠킹,마카롱 만들기,5,13,58,,
60,123,베이킹,마카롱 만들기,5,13,58,,
60,38,과자,마카롱 만들기,5,13,58,,
60,171,아이싱,마카롱 만들기,5,13,58,,
60,264,쿠키,마카롱 만들기,5,13,58,,
60,264,쿠키,마카롱 만들기,5,13,58,,
60,171,아이싱,마카롱 만들기,5,13,58,,
60,188,오븐,마카롱 만들기,5,13,58,,
60,182,양식,마카롱 만들기,5,13,58,,
60,190,요리,마카롱 만들기,5,13,58,,
60,230,주방,마카롱 만들기,5,13,58,,
60,263,케이크,마카롱 만들기,5,13,58,,
60,281,파이,마카롱 만들기,5,13,58,,
60,302,호두과자,마카롱 만들기,5,13,58,,
61,53,꽃차,꽃차 소믈리에 체험,4,13,5,,
61,240,차,꽃차 소믈리에 체험,4,13,5,,
61,69,다도,꽃차 소믈리에 체험,4,13,5,,
61,143,소믈리에,꽃차 소믈리에 체험,4,13,5,,
62,265,쿠킹,슈가 컵케이크 만들기,5,13,54,62.0,
62,123,베이킹,슈가 컵케이크 만들기,5,13,54,62.0,
62,38,과자,슈가 컵케이크 만들기,5,13,54,62.0,
62,171,아이싱,슈가 컵케이크 만들기,5,13,54,62.0,
62,264,쿠키,슈가 컵케이크 만들기,5,13,54,62.0,
62,264,쿠키,슈가 컵케이크 만들기,5,13,54,62.0,
62,171,아이싱,슈가 컵케이크 만들기,5,13,54,62.0,
62,188,오븐,슈가 컵케이크 만들기,5,13,54,62.0,
62,182,양식,슈가 컵케이크 만들기,5,13,54,62.0,
62,190,요리,슈가 컵케이크 만들기,5,13,54,62.0,
62,230,주방,슈가 컵케이크 만들기,5,13,54,62.0,
62,263,케이크,슈가 컵케이크 만들기,5,13,54,62.0,
62,281,파이,슈가 컵케이크 만들기,5,13,54,62.0,
62,302,호두과자,슈가 컵케이크 만들기,5,13,54,62.0,
63,36,과일,과일수제청 쿠키 만들기,7,13,59,,
63,37,과일수제청,과일수제청 쿠키 만들기,7,13,59,,
63,152,수제청,과일수제청 쿠키 만들기,7,13,59,,
63,201,음료,과일수제청 쿠키 만들기,7,13,59,,
63,202,음료수,과일수제청 쿠키 만들기,7,13,59,,
63,234,쥬스,과일수제청 쿠키 만들기,7,13,59,,
64,265,쿠킹,앙금플라워 만들기,7,13,63,,
64,123,베이킹,앙금플라워 만들기,7,13,63,,
64,38,과자,앙금플라워 만들기,7,13,63,,
64,171,아이싱,앙금플라워 만들기,7,13,63,,
64,264,쿠키,앙금플라워 만들기,7,13,63,,
64,264,쿠키,앙금플라워 만들기,7,13,63,,
64,171,아이싱,앙금플라워 만들기,7,13,63,,
64,188,오븐,앙금플라워 만들기,7,13,63,,
64,182,양식,앙금플라워 만들기,7,13,63,,
64,190,요리,앙금플라워 만들기,7,13,63,,
64,230,주방,앙금플라워 만들기,7,13,63,,
64,263,케이크,앙금플라워 만들기,7,13,63,,
64,281,파이,앙금플라워 만들기,7,13,63,,
64,302,호두과자,앙금플라워 만들기,7,13,63,,
64,164,쌀,앙금플라워 만들기,7,13,63,,
64,85,떡공예,앙금플라워 만들기,7,13,63,,
65,36,과일,과일청 만들기,6,13,63,,
65,37,과일수제청,과일청 만들기,6,13,63,,
65,152,수제청,과일청 만들기,6,13,63,,
65,201,음료,과일청 만들기,6,13,63,,
65,202,음료수,과일청 만들기,6,13,63,,
65,234,쥬스,과일청 만들기,6,13,63,,
66,272,탁구,탁구 체험,6,13,29,,
66,159,스포츠,탁구 체험,6,13,29,,
66,272,탁구,탁구 체험,6,13,29,,
66,248,체험,탁구 체험,6,13,29,,
66,199,유아체육,탁구 체험,6,13,29,,
66,247,체육,탁구 체험,6,13,29,,
66,272,탁구,탁구 체험,6,13,29,,
66,24,강습,탁구 체험,6,13,29,,
67,159,스포츠,스크린 야구 체험,6,13,24,,
67,181,야구,스크린 야구 체험,6,13,24,,
67,181,야구,스크린 야구 체험,6,13,24,,
67,181,야구,스크린 야구 체험,6,13,24,,
67,248,체험,스크린 야구 체험,6,13,24,,
67,199,유아체육,스크린 야구 체험,6,13,24,,
67,247,체육,스크린 야구 체험,6,13,24,,
67,181,야구,스크린 야구 체험,6,13,24,,
67,24,강습,스크린 야구 체험,6,13,24,,
68,149,수영,수영 체험,5,13,32,,
68,150,수영체험,수영 체험,5,13,32,,
68,199,유아체육,수영 체험,5,13,32,,
68,247,체육,수영 체험,5,13,32,,
68,149,수영,수영 체험,5,13,32,,
68,24,강습,수영 체험,5,13,32,,
69,149,수영,아크로바틱 체험,5,13,32,,
69,150,수영체험,아크로바틱 체험,5,13,32,,
69,199,유아체육,아크로바틱 체험,5,13,32,,
69,247,체육,아크로바틱 체험,5,13,32,,
69,149,수영,아크로바틱 체험,5,13,32,,
69,24,강습,아크로바틱 체험,5,13,32,,
69,175,아크로바틱,아크로바틱 체험,5,13,32,,
69,175,아크로바틱,아크로바틱 체험,5,13,32,,
69,248,체험,아크로바틱 체험,5,13,32,,
69,175,아크로바틱,아크로바틱 체험,5,13,32,,
69,24,강습,아크로바틱 체험,5,13,32,,
70,284,패러글라이딩,패러글라이딩 체험,8,13,44,,
70,159,스포츠,패러글라이딩 체험,8,13,44,,
70,130,비행,패러글라이딩 체험,8,13,44,,
70,284,패러글라이딩,패러글라이딩 체험,8,13,44,,
70,248,체험,패러글라이딩 체험,8,13,44,,
71,287,펜싱,펜싱 체험,6,13,53,,
71,288,펜싱체험,펜싱 체험,6,13,53,,
71,159,스포츠,펜싱 체험,6,13,53,,
71,199,유아체육,펜싱 체험,6,13,53,,
71,247,체육,펜싱 체험,6,13,53,,
71,287,펜싱,펜싱 체험,6,13,53,,
71,24,강습,펜싱 체험,6,13,53,,
72,32,골프,골프 체험,6,13,33,,
72,33,골프체험,골프 체험,6,13,33,,
72,159,스포츠,골프 체험,6,13,33,,
72,199,유아체육,골프 체험,6,13,33,,
72,247,체육,골프 체험,6,13,33,,
72,32,골프,골프 체험,6,13,33,,
72,24,강습,골프 체험,6,13,33,,
73,90,리듬체조,리듬체조 체험,5,13,39,,
73,90,리듬체조,리듬체조 체험,5,13,39,,
73,248,체험,리듬체조 체험,5,13,39,,
73,159,스포츠,리듬체조 체험,5,13,39,,
73,199,유아체육,리듬체조 체험,5,13,39,,
73,247,체육,리듬체조 체험,5,13,39,,
73,90,리듬체조,리듬체조 체험,5,13,39,,
73,24,강습,리듬체조 체험,5,13,39,,
74,232,주짓수,주짓수 체험,7,13,38,50.0,
74,232,주짓수,주짓수 체험,7,13,38,50.0,
74,248,체험,주짓수 체험,7,13,38,50.0,
74,159,스포츠,주짓수 체험,7,13,38,50.0,
74,199,유아체육,주짓수 체험,7,13,38,50.0,
74,247,체육,주짓수 체험,7,13,38,50.0,
74,232,주짓수,주짓수 체험,7,13,38,50.0,
74,24,강습,주짓수 체험,7,13,38,50.0,
75,140,선인장,선인장 캔들 만들기,5,13,3,,
75,140,선인장,선인장 캔들 만들기,5,13,3,,
75,258,캔들,선인장 캔들 만들기,5,13,3,,
75,258,캔들,선인장 캔들 만들기,5,13,3,,
75,301,향초,선인장 캔들 만들기,5,13,3,,
75,299,향기,선인장 캔들 만들기,5,13,3,,
75,243,천연,선인장 캔들 만들기,5,13,3,,
75,127,비누,선인장 캔들 만들기,5,13,3,,
75,244,천연비누,선인장 캔들 만들기,5,13,3,,
75,127,비누,선인장 캔들 만들기,5,13,3,,
75,97,만들기,선인장 캔들 만들기,5,13,3,,
75,257,캐릭터,선인장 캔들 만들기,5,13,3,,
75,127,비누,선인장 캔들 만들기,5,13,3,,
75,127,비누,선인장 캔들 만들기,5,13,3,,
75,54,꾸미기,선인장 캔들 만들기,5,13,3,,
75,115,바디워시,선인장 캔들 만들기,5,13,3,,
75,148,손씻기,선인장 캔들 만들기,5,13,3,,
75,293,피규어,선인장 캔들 만들기,5,13,3,,
75,293,피규어,선인장 캔들 만들기,5,13,3,,
75,127,비누,선인장 캔들 만들기,5,13,3,,
76,112,바구니,꽃 바구니 만들기,6,13,5,,
76,52,꽃,꽃 바구니 만들기,6,13,5,,
76,112,바구니,꽃 바구니 만들기,6,13,5,,
76,290,플라워,꽃 바구니 만들기,6,13,5,,
76,290,플라워,꽃 바구니 만들기,6,13,5,,
76,35,공예,꽃 바구니 만들기,6,13,5,,
76,290,플라워,꽃 바구니 만들기,6,13,5,,
76,176,아트,꽃 바구니 만들기,6,13,5,,
76,195,원예,꽃 바구니 만들기,6,13,5,,
76,196,원예체험,꽃 바구니 만들기,6,13,5,,
77,78,도자기,피규어찻잔 만들기,5,13,2,19.0,
77,141,세라믹,피규어찻잔 만들기,5,13,2,19.0,
77,241,찻잔,피규어찻잔 만들기,5,13,2,19.0,
77,293,피규어,피규어찻잔 만들기,5,13,2,19.0,
77,241,찻잔,피규어찻잔 만들기,5,13,2,19.0,
77,76,도예,피규어찻잔 만들기,5,13,2,19.0,
77,240,차,피규어찻잔 만들기,5,13,2,19.0,
77,99,머그컵,피규어찻잔 만들기,5,13,2,19.0,
78,276,테라리움,테라리움 만들기,3,13,5,,
78,276,테라리움,테라리움 만들기,3,13,5,,
78,97,만들기,테라리움 만들기,3,13,5,,
78,52,꽃,테라리움 만들기,3,13,5,,
78,290,플라워,테라리움 만들기,3,13,5,,
78,290,플라워,테라리움 만들기,3,13,5,,
78,35,공예,테라리움 만들기,3,13,5,,
78,290,플라워,테라리움 만들기,3,13,5,,
78,176,아트,테라리움 만들기,3,13,5,,
78,195,원예,테라리움 만들기,3,13,5,,
78,196,원예체험,테라리움 만들기,3,13,5,,
79,139,석고,석고 방향제 만들기,3,13,4,,
79,139,석고,석고 방향제 만들기,3,13,4,,
79,121,방향제,석고 방향제 만들기,3,13,4,,
79,301,향초,석고 방향제 만들기,3,13,4,,
79,299,향기,석고 방향제 만들기,3,13,4,,
79,300,향수,석고 방향제 만들기,3,13,4,,
79,300,향수,석고 방향제 만들기,3,13,4,,
79,97,만들기,석고 방향제 만들기,3,13,4,,
79,210,자동차,석고 방향제 만들기,3,13,4,,
79,121,방향제,석고 방향제 만들기,3,13,4,,
80,177,악세사리,비즈 팔찌 만들기,4,13,17,21.0,
80,129,비즈공예,비즈 팔찌 만들기,4,13,17,21.0,
80,282,팔찌,비즈 팔찌 만들기,4,13,17,21.0,
81,139,석고,석고 타블렛 꾸미기,3,13,4,,
81,139,석고,석고 타블렛 꾸미기,3,13,4,,
81,121,방향제,석고 타블렛 꾸미기,3,13,4,,
81,301,향초,석고 타블렛 꾸미기,3,13,4,,
81,299,향기,석고 타블렛 꾸미기,3,13,4,,
81,300,향수,석고 타블렛 꾸미기,3,13,4,,
81,300,향수,석고 타블렛 꾸미기,3,13,4,,
81,97,만들기,석고 타블렛 꾸미기,3,13,4,,
81,210,자동차,석고 타블렛 꾸미기,3,13,4,,
81,121,방향제,석고 타블렛 꾸미기,3,13,4,,
82,294,하바리움,하바리움 체험,4,13,5,,
82,294,하바리움,하바리움 체험,4,13,5,,
82,97,만들기,하바리움 체험,4,13,5,,
82,52,꽃,하바리움 체험,4,13,5,,
82,290,플라워,하바리움 체험,4,13,5,,
82,290,플라워,하바리움 체험,4,13,5,,
82,35,공예,하바리움 체험,4,13,5,,
82,290,플라워,하바리움 체험,4,13,5,,
82,176,아트,하바리움 체험,4,13,5,,
82,196,원예체험,하바리움 체험,4,13,5,,
83,228,종이접기,종이접기 클래스,3,13,17,,
83,227,종이공예,종이접기 클래스,3,13,17,,
83,226,종이,종이접기 클래스,3,13,17,,
83,248,체험,종이접기 클래스,3,13,17,,
83,296,한지,종이접기 클래스,3,13,17,,
83,35,공예,종이접기 클래스,3,13,17,,
83,296,한지,종이접기 클래스,3,13,17,,
83,296,한지,종이접기 클래스,3,13,17,,
83,248,체험,종이접기 클래스,3,13,17,,
84,18,가죽공예,가죽 키링 만들기,7,13,10,21.0,
84,17,가죽,가죽 키링 만들기,7,13,10,21.0,
84,248,체험,가죽 키링 만들기,7,13,10,21.0,
84,17,가죽,가죽 키링 만들기,7,13,10,21.0,
84,268,키링,가죽 키링 만들기,7,13,10,21.0,
84,268,키링,가죽 키링 만들기,7,13,10,21.0,
85,116,반지,반지 만들기,8,13,7,13.0,21.0
85,118,반지만들기,반지 만들기,8,13,7,13.0,21.0
85,49,금속,반지 만들기,8,13,7,13.0,21.0
85,50,금속공예,반지 만들기,8,13,7,13.0,21.0
85,200,은반지,반지 만들기,8,13,7,13.0,21.0
85,48,금반지,반지 만들기,8,13,7,13.0,21.0
86,277,토피어리,토피어리,6,13,5,,
86,277,토피어리,토피어리,6,13,5,,
86,97,만들기,토피어리,6,13,5,,
86,277,토피어리,토피어리,6,13,5,,
86,248,체험,토피어리,6,13,5,,
86,52,꽃,토피어리,6,13,5,,
86,290,플라워,토피어리,6,13,5,,
86,290,플라워,토피어리,6,13,5,,
86,35,공예,토피어리,6,13,5,,
86,290,플라워,토피어리,6,13,5,,
86,176,아트,토피어리,6,13,5,,
86,196,원예체험,토피어리,6,13,5,,
87,257,캐릭터,캐릭터 비누 만들기,5,13,1,,
87,257,캐릭터,캐릭터 비누 만들기,5,13,1,,
87,127,비누,캐릭터 비누 만들기,5,13,1,,
87,127,비누,캐릭터 비누 만들기,5,13,1,,
87,127,비누,캐릭터 비누 만들기,5,13,1,,
87,97,만들기,캐릭터 비누 만들기,5,13,1,,
87,257,캐릭터,캐릭터 비누 만들기,5,13,1,,
87,127,비누,캐릭터 비누 만들기,5,13,1,,
87,97,만들기,캐릭터 비누 만들기,5,13,1,,
87,127,비누,캐릭터 비누 만들기,5,13,1,,
87,97,만들기,캐릭터 비누 만들기,5,13,1,,
87,248,체험,캐릭터 비누 만들기,5,13,1,,
88,265,쿠킹,나쉬캇제 베이킹,5,13,59,64.0,
88,123,베이킹,나쉬캇제 베이킹,5,13,59,64.0,
88,38,과자,나쉬캇제 베이킹,5,13,59,64.0,
88,171,아이싱,나쉬캇제 베이킹,5,13,59,64.0,
88,264,쿠키,나쉬캇제 베이킹,5,13,59,64.0,
88,264,쿠키,나쉬캇제 베이킹,5,13,59,64.0,
88,171,아이싱,나쉬캇제 베이킹,5,13,59,64.0,
88,188,오븐,나쉬캇제 베이킹,5,13,59,64.0,
88,182,양식,나쉬캇제 베이킹,5,13,59,64.0,
88,190,요리,나쉬캇제 베이킹,5,13,59,64.0,
88,230,주방,나쉬캇제 베이킹,5,13,59,64.0,
88,263,케이크,나쉬캇제 베이킹,5,13,59,64.0,
88,281,파이,나쉬캇제 베이킹,5,13,59,64.0,
88,302,호두과자,나쉬캇제 베이킹,5,13,59,64.0,
89,265,쿠킹,화과자 만들기,3,13,59,64.0,
89,123,베이킹,화과자 만들기,3,13,59,64.0,
89,38,과자,화과자 만들기,3,13,59,64.0,
89,171,아이싱,화과자 만들기,3,13,59,64.0,
89,264,쿠키,화과자 만들기,3,13,59,64.0,
89,264,쿠키,화과자 만들기,3,13,59,64.0,
89,171,아이싱,화과자 만들기,3,13,59,64.0,
89,188,오븐,화과자 만들기,3,13,59,64.0,
89,182,양식,화과자 만들기,3,13,59,64.0,
89,190,요리,화과자 만들기,3,13,59,64.0,
89,230,주방,화과자 만들기,3,13,59,64.0,
89,263,케이크,화과자 만들기,3,13,59,64.0,
89,281,파이,화과자 만들기,3,13,59,64.0,
89,302,호두과자,화과자 만들기,3,13,59,64.0,
90,36,과일,딸기 우유 만들기,3,13,61,,
90,37,과일수제청,딸기 우유 만들기,3,13,61,,
90,152,수제청,딸기 우유 만들기,3,13,61,,
90,201,음료,딸기 우유 만들기,3,13,61,,
90,202,음료수,딸기 우유 만들기,3,13,61,,
90,234,쥬스,딸기 우유 만들기,3,13,61,,
91,159,스포츠,벨리 댄스 체험,6,13,78,,
91,74,댄스,벨리 댄스 체험,6,13,78,,
91,124,벨리댄스,벨리 댄스 체험,6,13,78,,
91,289,폴댄스,벨리 댄스 체험,6,13,78,,
91,189,요가,벨리 댄스 체험,6,13,78,,
91,291,플라잉,벨리 댄스 체험,6,13,78,,
91,189,요가,벨리 댄스 체험,6,13,78,,
91,193,운동,벨리 댄스 체험,6,13,78,,
91,199,유아체육,벨리 댄스 체험,6,13,78,,
91,247,체육,벨리 댄스 체험,6,13,78,,
91,252,춤,벨리 댄스 체험,6,13,78,,
91,5,k-pop,벨리 댄스 체험,6,13,78,,
91,167,아이돌,벨리 댄스 체험,6,13,78,,
92,159,스포츠,폴댄스 체험,6,13,47,78.0,
92,74,댄스,폴댄스 체험,6,13,47,78.0,
92,124,벨리댄스,폴댄스 체험,6,13,47,78.0,
92,289,폴댄스,폴댄스 체험,6,13,47,78.0,
92,189,요가,폴댄스 체험,6,13,47,78.0,
92,291,플라잉,폴댄스 체험,6,13,47,78.0,
92,189,요가,폴댄스 체험,6,13,47,78.0,
92,193,운동,폴댄스 체험,6,13,47,78.0,
92,199,유아체육,폴댄스 체험,6,13,47,78.0,
92,247,체육,폴댄스 체험,6,13,47,78.0,
92,252,춤,폴댄스 체험,6,13,47,78.0,
92,5,k-pop,폴댄스 체험,6,13,47,78.0,
92,167,아이돌,폴댄스 체험,6,13,47,78.0,
93,159,스포츠,플라잉 요가 체험,7,13,31,,
93,74,댄스,플라잉 요가 체험,7,13,31,,
93,124,벨리댄스,플라잉 요가 체험,7,13,31,,
93,289,폴댄스,플라잉 요가 체험,7,13,31,,
93,189,요가,플라잉 요가 체험,7,13,31,,
93,291,플라잉,플라잉 요가 체험,7,13,31,,
93,189,요가,플라잉 요가 체험,7,13,31,,
93,193,운동,플라잉 요가 체험,7,13,31,,
93,199,유아체육,플라잉 요가 체험,7,13,31,,
93,247,체육,플라잉 요가 체험,7,13,31,,
93,252,춤,플라잉 요가 체험,7,13,31,,
93,5,k-pop,플라잉 요가 체험,7,13,31,,
93,167,아이돌,플라잉 요가 체험,7,13,31,,
94,159,스포츠,k pop 댄스 배우기,7,13,72,78.0,
94,74,댄스,k pop 댄스 배우기,7,13,72,78.0,
94,124,벨리댄스,k pop 댄스 배우기,7,13,72,78.0,
94,289,폴댄스,k pop 댄스 배우기,7,13,72,78.0,
94,189,요가,k pop 댄스 배우기,7,13,72,78.0,
94,291,플라잉,k pop 댄스 배우기,7,13,72,78.0,
94,189,요가,k pop 댄스 배우기,7,13,72,78.0,
94,193,운동,k pop 댄스 배우기,7,13,72,78.0,
94,199,유아체육,k pop 댄스 배우기,7,13,72,78.0,
94,247,체육,k pop 댄스 배우기,7,13,72,78.0,
94,252,춤,k pop 댄스 배우기,7,13,72,78.0,
94,5,k-pop,k pop 댄스 배우기,7,13,72,78.0,
94,167,아이돌,k pop 댄스 배우기,7,13,72,78.0,
95,168,아이스,아이스 스케이팅 체험,8,13,43,,
95,157,스케이팅,아이스 스케이팅 체험,8,13,43,,
95,157,스케이팅,아이스 스케이팅 체험,8,13,43,,
95,169,아이스링크,아이스 스케이팅 체험,8,13,43,,
95,160,스피드,아이스 스케이팅 체험,8,13,43,,
95,157,스케이팅,아이스 스케이팅 체험,8,13,43,,
95,292,피겨,아이스 스케이팅 체험,8,13,43,,
95,157,스케이팅,아이스 스케이팅 체험,8,13,43,,
95,292,피겨,아이스 스케이팅 체험,8,13,43,,
95,159,스포츠,아이스 스케이팅 체험,8,13,43,,
95,74,댄스,아이스 스케이팅 체험,8,13,43,,
95,199,유아체육,아이스 스케이팅 체험,8,13,43,,
95,247,체육,아이스 스케이팅 체험,8,13,43,,
96,60,네온,네온사인 만들기,5,13,7,87.0,
96,61,네온사인,네온사인 만들기,5,13,7,87.0,
96,248,체험,네온사인 만들기,5,13,7,87.0,
96,61,네온사인,네온사인 만들기,5,13,7,87.0,
96,61,네온사인,네온사인 만들기,5,13,7,87.0,
96,97,만들기,네온사인 만들기,5,13,7,87.0,
96,223,조명,네온사인 만들기,5,13,7,87.0,
97,257,캐릭터,곰돌이 비누 만들기,6,13,1,,
97,257,캐릭터,곰돌이 비누 만들기,6,13,1,,
97,127,비누,곰돌이 비누 만들기,6,13,1,,
97,127,비누,곰돌이 비누 만들기,6,13,1,,
97,127,비누,곰돌이 비누 만들기,6,13,1,,
97,97,만들기,곰돌이 비누 만들기,6,13,1,,
97,257,캐릭터,곰돌이 비누 만들기,6,13,1,,
97,127,비누,곰돌이 비누 만들기,6,13,1,,
97,97,만들기,곰돌이 비누 만들기,6,13,1,,
97,127,비누,곰돌이 비누 만들기,6,13,1,,
97,97,만들기,곰돌이 비누 만들기,6,13,1,,
97,248,체험,곰돌이 비누 만들기,6,13,1,,
98,283,팝아트,팝아트 초상화 그리기,8,13,10,,
98,283,팝아트,팝아트 초상화 그리기,8,13,10,,
98,250,초상화,팝아트 초상화 그리기,8,13,10,,
98,250,초상화,팝아트 초상화 그리기,8,13,10,,
98,110,미술,팝아트 초상화 그리기,8,13,10,,
98,46,그림,팝아트 초상화 그리기,8,13,10,,
98,283,팝아트,팝아트 초상화 그리기,8,13,10,,
98,248,체험,팝아트 초상화 그리기,8,13,10,,
98,198,유아,팝아트 초상화 그리기,8,13,10,,
98,110,미술,팝아트 초상화 그리기,8,13,10,,
99,42,교통카드,교통카드 케이스 만들기,6,13,12,,
99,42,교통카드,교통카드 케이스 만들기,6,13,12,,
99,262,케이스,교통카드 케이스 만들기,6,13,12,,
99,42,교통카드,교통카드 케이스 만들기,6,13,12,,
99,236,지갑,교통카드 케이스 만들기,6,13,12,,
99,42,교통카드,교통카드 케이스 만들기,6,13,12,,
99,262,케이스,교통카드 케이스 만들기,6,13,12,,
99,97,만들기,교통카드 케이스 만들기,6,13,12,,
99,42,교통카드,교통카드 케이스 만들기,6,13,12,,
99,236,지갑,교통카드 케이스 만들기,6,13,12,,
99,97,만들기,교통카드 케이스 만들기,6,13,12,,
100,194,원목,원목 소품 만들기,8,13,21,,
100,194,원목,원목 소품 만들기,8,13,21,,
100,145,소품,원목 소품 만들기,8,13,21,,
100,13,가구,원목 소품 만들기,8,13,21,,
100,102,목공,원목 소품 만들기,8,13,21,,
100,103,목공예,원목 소품 만들기,8,13,21,,
100,145,소품,원목 소품 만들기,8,13,21,,
101,14,가방,가방장식 키링 만들기,5,13,21,,
101,15,가방키링,가방장식 키링 만들기,5,13,21,,
101,268,키링,가방장식 키링 만들기,5,13,21,,
101,268,키링,가방장식 키링 만들기,5,13,21,,
101,97,만들기,가방장식 키링 만들기,5,13,21,,
101,14,가방,가방장식 키링 만들기,5,13,21,,
101,211,장식,가방장식 키링 만들기,5,13,21,,
101,14,가방,가방장식 키링 만들기,5,13,21,,
101,211,장식,가방장식 키링 만들기,5,13,21,,
101,97,만들기,가방장식 키링 만들기,5,13,21,,
101,268,키링,가방장식 키링 만들기,5,13,21,,
101,97,만들기,가방장식 키링 만들기,5,13,21,,
101,248,체험,가방장식 키링 만들기,5,13,21,,
102,52,꽃,플라워 캔들 만들기,7,13,3,,
102,290,플라워,플라워 캔들 만들기,7,13,3,,
102,290,플라워,플라워 캔들 만들기,7,13,3,,
102,258,캔들,플라워 캔들 만들기,7,13,3,,
102,290,플라워,플라워 캔들 만들기,7,13,3,,
102,258,캔들,플라워 캔들 만들기,7,13,3,,
102,97,만들기,플라워 캔들 만들기,7,13,3,,
102,290,플라워,플라워 캔들 만들기,7,13,3,,
102,258,캔들,플라워 캔들 만들기,7,13,3,,
102,97,만들기,플라워 캔들 만들기,7,13,3,,
102,248,체험,플라워 캔들 만들기,7,13,3,,
102,195,원예,플라워 캔들 만들기,7,13,3,,
102,196,원예체험,플라워 캔들 만들기,7,13,3,,
102,299,향기,플라워 캔들 만들기,7,13,3,,
102,301,향초,플라워 캔들 만들기,7,13,3,,
102,300,향수,플라워 캔들 만들기,7,13,3,,
103,257,캐릭터,아이스크림 비누 만들기,3,13,1,,
103,257,캐릭터,아이스크림 비누 만들기,3,13,1,,
103,127,비누,아이스크림 비누 만들기,3,13,1,,
103,127,비누,아이스크림 비누 만들기,3,13,1,,
103,127,비누,아이스크림 비누 만들기,3,13,1,,
103,97,만들기,아이스크림 비누 만들기,3,13,1,,
103,257,캐릭터,아이스크림 비누 만들기,3,13,1,,
103,127,비누,아이스크림 비누 만들기,3,13,1,,
103,97,만들기,아이스크림 비누 만들기,3,13,1,,
103,127,비누,아이스크림 비누 만들기,3,13,1,,
103,97,만들기,아이스크림 비누 만들기,3,13,1,,
103,248,체험,아이스크림 비누 만들기,3,13,1,,
103,170,아이스크림,아이스크림 비누 만들기,3,13,1,,
103,127,비누,아이스크림 비누 만들기,3,13,1,,
103,170,아이스크림,아이스크림 비누 만들기,3,13,1,,
104,20,각인,각인 주얼리 만들기,8,13,7,,
104,231,주얼리,각인 주얼리 만들기,8,13,7,,
104,235,쥬얼리,각인 주얼리 만들기,8,13,7,,
104,49,금속,각인 주얼리 만들기,8,13,7,,
104,35,공예,각인 주얼리 만들기,8,13,7,,
104,49,금속,각인 주얼리 만들기,8,13,7,,
104,116,반지,각인 주얼리 만들기,8,13,7,,
104,101,목걸이,각인 주얼리 만들기,8,13,7,,
104,282,팔찌,각인 주얼리 만들기,8,13,7,,
104,177,악세사리,각인 주얼리 만들기,8,13,7,,
104,116,반지,각인 주얼리 만들기,8,13,7,,
104,97,만들기,각인 주얼리 만들기,8,13,7,,
104,101,목걸이,각인 주얼리 만들기,8,13,7,,
104,97,만들기,각인 주얼리 만들기,8,13,7,,
104,282,팔찌,각인 주얼리 만들기,8,13,7,,
104,97,만들기,각인 주얼리 만들기,8,13,7,,
105,17,가죽,통가죽 꼬임 팔찌 만들기,7,13,10,21.0,
105,282,팔찌,통가죽 꼬임 팔찌 만들기,7,13,10,21.0,
105,177,악세사리,통가죽 꼬임 팔찌 만들기,7,13,10,21.0,
105,17,가죽,통가죽 꼬임 팔찌 만들기,7,13,10,21.0,
105,282,팔찌,통가죽 꼬임 팔찌 만들기,7,13,10,21.0,
105,97,만들기,통가죽 꼬임 팔찌 만들기,7,13,10,21.0,
105,282,팔찌,통가죽 꼬임 팔찌 만들기,7,13,10,21.0,
105,97,만들기,통가죽 꼬임 팔찌 만들기,7,13,10,21.0,
105,278,통가죽,통가죽 꼬임 팔찌 만들기,7,13,10,21.0,
105,278,통가죽,통가죽 꼬임 팔찌 만들기,7,13,10,21.0,
105,51,꼬임,통가죽 꼬임 팔찌 만들기,7,13,10,21.0,
105,282,팔찌,통가죽 꼬임 팔찌 만들기,7,13,10,21.0,
105,51,꼬임,통가죽 꼬임 팔찌 만들기,7,13,10,21.0,
105,282,팔찌,통가죽 꼬임 팔찌 만들기,7,13,10,21.0,
105,282,팔찌,통가죽 꼬임 팔찌 만들기,7,13,10,21.0,
105,97,만들기,통가죽 꼬임 팔찌 만들기,7,13,10,21.0,
105,248,체험,통가죽 꼬임 팔찌 만들기,7,13,10,21.0,
106,265,쿠킹,얼굴모양 쿠키 만들기,4,13,59,,
106,123,베이킹,얼굴모양 쿠키 만들기,4,13,59,,
106,38,과자,얼굴모양 쿠키 만들기,4,13,59,,
106,171,아이싱,얼굴모양 쿠키 만들기,4,13,59,,
106,264,쿠키,얼굴모양 쿠키 만들기,4,13,59,,
106,264,쿠키,얼굴모양 쿠키 만들기,4,13,59,,
106,171,아이싱,얼굴모양 쿠키 만들기,4,13,59,,
106,188,오븐,얼굴모양 쿠키 만들기,4,13,59,,
106,182,양식,얼굴모양 쿠키 만들기,4,13,59,,
106,190,요리,얼굴모양 쿠키 만들기,4,13,59,,
106,230,주방,얼굴모양 쿠키 만들기,4,13,59,,
106,263,케이크,얼굴모양 쿠키 만들기,4,13,59,,
106,281,파이,얼굴모양 쿠키 만들기,4,13,59,,
106,302,호두과자,얼굴모양 쿠키 만들기,4,13,59,,
107,265,쿠킹,연유 쿠키 만들기,4,13,59,,
107,123,베이킹,연유 쿠키 만들기,4,13,59,,
107,38,과자,연유 쿠키 만들기,4,13,59,,
107,171,아이싱,연유 쿠키 만들기,4,13,59,,
107,264,쿠키,연유 쿠키 만들기,4,13,59,,
107,264,쿠키,연유 쿠키 만들기,4,13,59,,
107,171,아이싱,연유 쿠키 만들기,4,13,59,,
107,188,오븐,연유 쿠키 만들기,4,13,59,,
107,182,양식,연유 쿠키 만들기,4,13,59,,
107,190,요리,연유 쿠키 만들기,4,13,59,,
107,230,주방,연유 쿠키 만들기,4,13,59,,
107,263,케이크,연유 쿠키 만들기,4,13,59,,
107,281,파이,연유 쿠키 만들기,4,13,59,,
107,302,호두과자,연유 쿠키 만들기,4,13,59,,
108,265,쿠킹,영어 요리 클래스,3,13,59,,
108,123,베이킹,영어 요리 클래스,3,13,59,,
108,38,과자,영어 요리 클래스,3,13,59,,
108,171,아이싱,영어 요리 클래스,3,13,59,,
108,264,쿠키,영어 요리 클래스,3,13,59,,
108,264,쿠키,영어 요리 클래스,3,13,59,,
108,171,아이싱,영어 요리 클래스,3,13,59,,
108,188,오븐,영어 요리 클래스,3,13,59,,
108,182,양식,영어 요리 클래스,3,13,59,,
108,190,요리,영어 요리 클래스,3,13,59,,
108,230,주방,영어 요리 클래스,3,13,59,,
108,263,케이크,영어 요리 클래스,3,13,59,,
108,281,파이,영어 요리 클래스,3,13,59,,
108,302,호두과자,영어 요리 클래스,3,13,59,,
109,265,쿠킹,초코볼 쿠키 만들기,4,13,59,,
109,123,베이킹,초코볼 쿠키 만들기,4,13,59,,
109,38,과자,초코볼 쿠키 만들기,4,13,59,,
109,171,아이싱,초코볼 쿠키 만들기,4,13,59,,
109,264,쿠키,초코볼 쿠키 만들기,4,13,59,,
109,264,쿠키,초코볼 쿠키 만들기,4,13,59,,
109,171,아이싱,초코볼 쿠키 만들기,4,13,59,,
109,188,오븐,초코볼 쿠키 만들기,4,13,59,,
109,182,양식,초코볼 쿠키 만들기,4,13,59,,
109,190,요리,초코볼 쿠키 만들기,4,13,59,,
109,230,주방,초코볼 쿠키 만들기,4,13,59,,
109,263,케이크,초코볼 쿠키 만들기,4,13,59,,
109,281,파이,초코볼 쿠키 만들기,4,13,59,,
109,302,호두과자,초코볼 쿠키 만들기,4,13,59,,
110,265,쿠킹,머랭쿠키 만들기,4,13,59,,
110,123,베이킹,머랭쿠키 만들기,4,13,59,,
110,38,과자,머랭쿠키 만들기,4,13,59,,
110,171,아이싱,머랭쿠키 만들기,4,13,59,,
110,264,쿠키,머랭쿠키 만들기,4,13,59,,
110,264,쿠키,머랭쿠키 만들기,4,13,59,,
110,171,아이싱,머랭쿠키 만들기,4,13,59,,
110,188,오븐,머랭쿠키 만들기,4,13,59,,
110,182,양식,머랭쿠키 만들기,4,13,59,,
110,190,요리,머랭쿠키 만들기,4,13,59,,
110,230,주방,머랭쿠키 만들기,4,13,59,,
110,263,케이크,머랭쿠키 만들기,4,13,59,,
110,281,파이,머랭쿠키 만들기,4,13,59,,
110,302,호두과자,머랭쿠키 만들기,4,13,59,,
111,204,인라인,인라인 스케이트 체험,4,13,37,,
111,204,인라인,인라인 스케이트 체험,4,13,37,,
111,156,스케이트,인라인 스케이트 체험,4,13,37,,
111,204,인라인,인라인 스케이트 체험,4,13,37,,
111,157,스케이팅,인라인 스케이트 체험,4,13,37,,
111,162,실내,인라인 스케이트 체험,4,13,37,,
111,156,스케이트,인라인 스케이트 체험,4,13,37,,
111,162,실내,인라인 스케이트 체험,4,13,37,,
111,157,스케이팅,인라인 스케이트 체험,4,13,37,,
111,162,실내,인라인 스케이트 체험,4,13,37,,
111,248,체험,인라인 스케이트 체험,4,13,37,,
111,87,롤러,인라인 스케이트 체험,4,13,37,,
111,89,롤러장,인라인 스케이트 체험,4,13,37,,
111,88,롤러브레이드,인라인 스케이트 체험,4,13,37,,
112,79,동물,아기동물체험 나눔농장,3,13,107,,
112,79,동물,아기동물체험 나눔농장,3,13,107,,
112,248,체험,아기동물체험 나눔농장,3,13,107,,
112,165,아기동물,아기동물체험 나눔농장,3,13,107,,
112,25,강아지,아기동물체험 나눔농장,3,13,107,,
112,28,고양이,아기동물체험 나눔농장,3,13,107,,
112,21,간식,아기동물체험 나눔농장,3,13,107,,
112,229,주기,아기동물체험 나눔농장,3,13,107,,
112,21,간식,아기동물체험 나눔농장,3,13,107,,
112,97,만들기,아기동물체험 나눔농장,3,13,107,,
112,67,농장,아기동물체험 나눔농장,3,13,107,,
112,166,아기동물체험,아기동물체험 나눔농장,3,13,107,,
112,55,나눔농장,아기동물체험 나눔농장,3,13,107,,
113,209,입장권,아쿠아플라넷 입장권,3,13,107,,
113,173,아쿠아플라넷,아쿠아플라넷 입장권,3,13,107,,
113,174,아쿠아플레닛,아쿠아플라넷 입장권,3,13,107,,
113,172,아쿠아리움,아쿠아플라넷 입장권,3,13,107,,
113,105,물고기,아쿠아플라넷 입장권,3,13,107,,
114,209,입장권,찜질스파 입장권,3,13,107,,
114,238,찜질방,찜질스파 입장권,3,13,107,,
114,158,스파,찜질스파 입장권,3,13,107,,
114,16,가족,찜질스파 입장권,3,13,107,,
114,239,찜질스파,찜질스파 입장권,3,13,107,,
114,162,실내,찜질스파 입장권,3,13,107,,
115,203,이용권,요트 투어 이용권,3,13,107,,
115,191,요트,요트 투어 이용권,3,13,107,,
115,192,요트투어,요트 투어 이용권,3,13,107,,
115,16,가족,요트 투어 이용권,3,13,107,,
115,72,단체,요트 투어 이용권,3,13,107,,
116,271,키즈카페,만화카페  입장권,3,13,105,,
116,162,실내,만화카페  입장권,3,13,105,,
116,162,실내,만화카페  입장권,3,13,105,,
116,65,놀이터,만화카페  입장권,3,13,105,,
116,269,키즈,만화카페  입장권,3,13,105,,
116,255,카페,만화카페  입장권,3,13,105,,
116,58,낚시카페,만화카페  입장권,3,13,105,,
116,57,낚시,만화카페  입장권,3,13,105,,
116,126,보드게임,만화카페  입장권,3,13,105,,
117,271,키즈카페,체스&보드게임 이용권,3,13,90,,
117,162,실내,체스&보드게임 이용권,3,13,90,,
117,162,실내,체스&보드게임 이용권,3,13,90,,
117,65,놀이터,체스&보드게임 이용권,3,13,90,,
117,269,키즈,체스&보드게임 이용권,3,13,90,,
117,255,카페,체스&보드게임 이용권,3,13,90,,
117,58,낚시카페,체스&보드게임 이용권,3,13,90,,
117,57,낚시,체스&보드게임 이용권,3,13,90,,
117,126,보드게임,체스&보드게임 이용권,3,13,90,,
118,80,드론,드론 체험권,8,13,89,,
118,81,드론체험,드론 체험권,8,13,89,,
118,131,비행기,드론 체험권,8,13,89,,
118,131,비행기,드론 체험권,8,13,89,,
118,59,날리기,드론 체험권,8,13,89,,
118,80,드론,드론 체험권,8,13,89,,
118,225,조종,드론 체험권,8,13,89,,
119,271,키즈카페,루미플레이스 이용권,8,13,105,,
119,162,실내,루미플레이스 이용권,8,13,105,,
119,162,실내,루미플레이스 이용권,8,13,105,,
119,65,놀이터,루미플레이스 이용권,8,13,105,,
119,269,키즈,루미플레이스 이용권,8,13,105,,
119,255,카페,루미플레이스 이용권,8,13,105,,
119,58,낚시카페,루미플레이스 이용권,8,13,105,,
119,57,낚시,루미플레이스 이용권,8,13,105,,
119,126,보드게임,루미플레이스 이용권,8,13,105,,
120,12,VR체험,VR체험권,7,13,105,,
120,10,VR게임,VR체험권,7,13,105,,
120,11,VR놀이기구,VR체험권,7,13,105,,
120,63,놀이기구,VR체험권,7,13,105,,
120,64,놀이동산,VR체험권,7,13,105,,
120,9,VR,VR체험권,7,13,105,,
121,2,3D프린팅,3D 프린팅 체험권,8,13,105,,
121,1,3D프린트,3D 프린팅 체험권,8,13,105,,
121,2,3D프린팅,3D 프린팅 체험권,8,13,105,,
121,248,체험,3D 프린팅 체험권,8,13,105,,
121,1,3D프린트,3D 프린팅 체험권,8,13,105,,
121,248,체험,3D 프린팅 체험권,8,13,105,,
122,209,입장권,왕의하루(경복궁 체험),3,13,105,,
122,43,궁,왕의하루(경복궁 체험),3,13,105,,
122,44,궁궐,왕의하루(경복궁 체험),3,13,105,,
122,280,티켓,왕의하루(경복궁 체험),3,13,105,,
122,41,관람,왕의하루(경복궁 체험),3,13,105,,
122,186,예술,왕의하루(경복궁 체험),3,13,105,,
123,209,입장권,황제의 꿈(덕수궁 체험),3,13,105,,
123,43,궁,황제의 꿈(덕수궁 체험),3,13,105,,
123,44,궁궐,황제의 꿈(덕수궁 체험),3,13,105,,
123,280,티켓,황제의 꿈(덕수궁 체험),3,13,105,,
123,41,관람,황제의 꿈(덕수궁 체험),3,13,105,,
123,186,예술,황제의 꿈(덕수궁 체험),3,13,105,,
124,306,흙,샌드아트 체험권,3,13,105,,
124,78,도자기,샌드아트 체험권,3,13,105,,
124,306,흙,샌드아트 체험권,3,13,105,,
124,62,놀이,샌드아트 체험권,3,13,105,,
124,135,샌드아트,샌드아트 체험권,3,13,105,,
124,134,샌드,샌드아트 체험권,3,13,105,,
124,141,세라믹,샌드아트 체험권,3,13,105,,
124,78,도자기,샌드아트 체험권,3,13,105,,
124,248,체험,샌드아트 체험권,3,13,105,,
124,306,흙,샌드아트 체험권,3,13,105,,
124,248,체험,샌드아트 체험권,3,13,105,,
124,99,머그컵,샌드아트 체험권,3,13,105,,
124,261,컵,샌드아트 체험권,3,13,105,,
124,97,만들기,샌드아트 체험권,3,13,105,,
124,76,도예,샌드아트 체험권,3,13,105,,
124,76,도예,샌드아트 체험권,3,13,105,,
124,248,체험,샌드아트 체험권,3,13,105,,
125,222,조계사,조계사 체험권,3,13,105,,
125,222,조계사,조계사 체험권,3,13,105,,
125,248,체험,조계사 체험권,3,13,105,,
125,222,조계사,조계사 체험권,3,13,105,,
125,273,탐방,조계사 체험권,3,13,105,,
125,249,체험권,조계사 체험권,3,13,105,,
125,216,절,조계사 체험권,3,13,105,,
125,154,스님,조계사 체험권,3,13,105,,
125,216,절,조계사 체험권,3,13,105,,
125,279,투어,조계사 체험권,3,13,105,,
125,216,절,조계사 체험권,3,13,105,,
125,40,관광,조계사 체험권,3,13,105,,
126,246,청계천,청계천 체험권,3,13,105,,
126,23,강,청계천 체험권,3,13,105,,
126,138,서울,청계천 체험권,3,13,105,,
126,138,서울,청계천 체험권,3,13,105,,
126,273,탐방,청계천 체험권,3,13,105,,
126,246,청계천,청계천 체험권,3,13,105,,
126,279,투어,청계천 체험권,3,13,105,,
126,249,체험권,청계천 체험권,3,13,105,,
126,246,청계천,청계천 체험권,3,13,105,,
126,248,체험,청계천 체험권,3,13,105,,
127,209,입장권,덕수궁 달빛 나들이,3,13,105,,
127,43,궁,덕수궁 달빛 나들이,3,13,105,,
127,44,궁궐,덕수궁 달빛 나들이,3,13,105,,
127,280,티켓,덕수궁 달빛 나들이,3,13,105,,
127,41,관람,덕수궁 달빛 나들이,3,13,105,,
127,186,예술,덕수궁 달빛 나들이,3,13,105,,
128,214,전시,인형극 체험,3,13,105,,
128,34,공연,인형극 체험,3,13,105,,
128,41,관람,인형극 체험,3,13,105,,
128,109,뮤지컬,인형극 체험,3,13,105,,
128,162,실내,인형극 체험,3,13,105,,
128,47,극장,인형극 체험,3,13,105,,
128,186,예술,인형극 체험,3,13,105,,
128,280,티켓,인형극 체험,3,13,105,,
129,80,드론,비행기 만들기,5,13,87,88.0,
129,81,드론체험,비행기 만들기,5,13,87,88.0,
129,131,비행기,비행기 만들기,5,13,87,88.0,
129,131,비행기,비행기 만들기,5,13,87,88.0,
129,59,날리기,비행기 만들기,5,13,87,88.0,
129,80,드론,비행기 만들기,5,13,87,88.0,
129,225,조종,비행기 만들기,5,13,87,88.0,
130,306,흙,동물 시계 클레이,4,13,2,13.0,
130,78,도자기,동물 시계 클레이,4,13,2,13.0,
130,306,흙,동물 시계 클레이,4,13,2,13.0,
130,62,놀이,동물 시계 클레이,4,13,2,13.0,
130,135,샌드아트,동물 시계 클레이,4,13,2,13.0,
130,134,샌드,동물 시계 클레이,4,13,2,13.0,
130,141,세라믹,동물 시계 클레이,4,13,2,13.0,
130,78,도자기,동물 시계 클레이,4,13,2,13.0,
130,248,체험,동물 시계 클레이,4,13,2,13.0,
130,306,흙,동물 시계 클레이,4,13,2,13.0,
130,248,체험,동물 시계 클레이,4,13,2,13.0,
130,99,머그컵,동물 시계 클레이,4,13,2,13.0,
130,261,컵,동물 시계 클레이,4,13,2,13.0,
130,97,만들기,동물 시계 클레이,4,13,2,13.0,
130,76,도예,동물 시계 클레이,4,13,2,13.0,
130,76,도예,동물 시계 클레이,4,13,2,13.0,
130,248,체험,동물 시계 클레이,4,13,2,13.0,
131,214,전시,(전시/공연)엘리제를 위하여,5,13,105,,
131,34,공연,(전시/공연)엘리제를 위하여,5,13,105,,
131,41,관람,(전시/공연)엘리제를 위하여,5,13,105,,
131,109,뮤지컬,(전시/공연)엘리제를 위하여,5,13,105,,
131,162,실내,(전시/공연)엘리제를 위하여,5,13,105,,
131,47,극장,(전시/공연)엘리제를 위하여,5,13,105,,
131,186,예술,(전시/공연)엘리제를 위하여,5,13,105,,
131,280,티켓,(전시/공연)엘리제를 위하여,5,13,105,,
132,214,전시,(전시/공연)뮤지컬 슈퍼맨처럼-!,5,13,105,,
132,34,공연,(전시/공연)뮤지컬 슈퍼맨처럼-!,5,13,105,,
132,41,관람,(전시/공연)뮤지컬 슈퍼맨처럼-!,5,13,105,,
132,109,뮤지컬,(전시/공연)뮤지컬 슈퍼맨처럼-!,5,13,105,,
132,162,실내,(전시/공연)뮤지컬 슈퍼맨처럼-!,5,13,105,,
132,47,극장,(전시/공연)뮤지컬 슈퍼맨처럼-!,5,13,105,,
132,186,예술,(전시/공연)뮤지컬 슈퍼맨처럼-!,5,13,105,,
132,280,티켓,(전시/공연)뮤지컬 슈퍼맨처럼-!,5,13,105,,
133,214,전시,(전시/공연)아동연극 세종 이도의꿈,5,13,105,,
133,34,공연,(전시/공연)아동연극 세종 이도의꿈,5,13,105,,
133,41,관람,(전시/공연)아동연극 세종 이도의꿈,5,13,105,,
133,109,뮤지컬,(전시/공연)아동연극 세종 이도의꿈,5,13,105,,
133,162,실내,(전시/공연)아동연극 세종 이도의꿈,5,13,105,,
133,47,극장,(전시/공연)아동연극 세종 이도의꿈,5,13,105,,
133,186,예술,(전시/공연)아동연극 세종 이도의꿈,5,13,105,,
133,280,티켓,(전시/공연)아동연극 세종 이도의꿈,5,13,105,,
134,214,전시,(전시/공연)뮤지컬 좀비덤:생명의 나무,5,13,105,,
134,34,공연,(전시/공연)뮤지컬 좀비덤:생명의 나무,5,13,105,,
134,41,관람,(전시/공연)뮤지컬 좀비덤:생명의 나무,5,13,105,,
134,109,뮤지컬,(전시/공연)뮤지컬 좀비덤:생명의 나무,5,13,105,,
134,162,실내,(전시/공연)뮤지컬 좀비덤:생명의 나무,5,13,105,,
134,47,극장,(전시/공연)뮤지컬 좀비덤:생명의 나무,5,13,105,,
134,186,예술,(전시/공연)뮤지컬 좀비덤:생명의 나무,5,13,105,,
134,280,티켓,(전시/공연)뮤지컬 좀비덤:생명의 나무,5,13,105,,
135,214,전시,(전시/공연)연극 북금골예술 여행,5,13,105,,
135,34,공연,(전시/공연)연극 북금골예술 여행,5,13,105,,
135,41,관람,(전시/공연)연극 북금골예술 여행,5,13,105,,
135,109,뮤지컬,(전시/공연)연극 북금골예술 여행,5,13,105,,
135,162,실내,(전시/공연)연극 북금골예술 여행,5,13,105,,
135,47,극장,(전시/공연)연극 북금골예술 여행,5,13,105,,
135,186,예술,(전시/공연)연극 북금골예술 여행,5,13,105,,
135,280,티켓,(전시/공연)연극 북금골예술 여행,5,13,105,,
136,214,전시,(전시/공연)가족 뮤지컬 어린왕자의 꿈,5,13,105,,
136,34,공연,(전시/공연)가족 뮤지컬 어린왕자의 꿈,5,13,105,,
136,41,관람,(전시/공연)가족 뮤지컬 어린왕자의 꿈,5,13,105,,
136,109,뮤지컬,(전시/공연)가족 뮤지컬 어린왕자의 꿈,5,13,105,,
136,162,실내,(전시/공연)가족 뮤지컬 어린왕자의 꿈,5,13,105,,
136,47,극장,(전시/공연)가족 뮤지컬 어린왕자의 꿈,5,13,105,,
136,186,예술,(전시/공연)가족 뮤지컬 어린왕자의 꿈,5,13,105,,
136,280,티켓,(전시/공연)가족 뮤지컬 어린왕자의 꿈,5,13,105,,
137,214,전시,(전시/공연)예술의 전당 피노키오,5,13,105,,
137,34,공연,(전시/공연)예술의 전당 피노키오,5,13,105,,
137,41,관람,(전시/공연)예술의 전당 피노키오,5,13,105,,
137,109,뮤지컬,(전시/공연)예술의 전당 피노키오,5,13,105,,
137,162,실내,(전시/공연)예술의 전당 피노키오,5,13,105,,
137,47,극장,(전시/공연)예술의 전당 피노키오,5,13,105,,
137,186,예술,(전시/공연)예술의 전당 피노키오,5,13,105,,
137,280,티켓,(전시/공연)예술의 전당 피노키오,5,13,105,,
138,214,전시,(전시/공연)로즈페탈-연남동에 꽃을 피우다,5,13,105,,
138,34,공연,(전시/공연)로즈페탈-연남동에 꽃을 피우다,5,13,105,,
138,41,관람,(전시/공연)로즈페탈-연남동에 꽃을 피우다,5,13,105,,
138,109,뮤지컬,(전시/공연)로즈페탈-연남동에 꽃을 피우다,5,13,105,,
138,162,실내,(전시/공연)로즈페탈-연남동에 꽃을 피우다,5,13,105,,
138,47,극장,(전시/공연)로즈페탈-연남동에 꽃을 피우다,5,13,105,,
138,186,예술,(전시/공연)로즈페탈-연남동에 꽃을 피우다,5,13,105,,
138,280,티켓,(전시/공연)로즈페탈-연남동에 꽃을 피우다,5,13,105,,
139,214,전시,(전시/공연)스폰지밥의 행복을 찾아서,5,13,105,,
139,34,공연,(전시/공연)스폰지밥의 행복을 찾아서,5,13,105,,
139,41,관람,(전시/공연)스폰지밥의 행복을 찾아서,5,13,105,,
139,109,뮤지컬,(전시/공연)스폰지밥의 행복을 찾아서,5,13,105,,
139,162,실내,(전시/공연)스폰지밥의 행복을 찾아서,5,13,105,,
139,47,극장,(전시/공연)스폰지밥의 행복을 찾아서,5,13,105,,
139,186,예술,(전시/공연)스폰지밥의 행복을 찾아서,5,13,105,,
139,280,티켓,(전시/공연)스폰지밥의 행복을 찾아서,5,13,105,,
140,214,전시,(전시/공연)한강 유람선 제빵체험,4,13,57,,
140,34,공연,(전시/공연)한강 유람선 제빵체험,4,13,57,,
140,41,관람,(전시/공연)한강 유람선 제빵체험,4,13,57,,
140,109,뮤지컬,(전시/공연)한강 유람선 제빵체험,4,13,57,,
140,162,실내,(전시/공연)한강 유람선 제빵체험,4,13,57,,
140,47,극장,(전시/공연)한강 유람선 제빵체험,4,13,57,,
140,186,예술,(전시/공연)한강 유람선 제빵체험,4,13,57,,
140,280,티켓,(전시/공연)한강 유람선 제빵체험,4,13,57,,
141,214,전시,모래놀이&빛그림 체험,3,13,105,,
141,34,공연,모래놀이&빛그림 체험,3,13,105,,
141,41,관람,모래놀이&빛그림 체험,3,13,105,,
141,109,뮤지컬,모래놀이&빛그림 체험,3,13,105,,
141,162,실내,모래놀이&빛그림 체험,3,13,105,,
141,47,극장,모래놀이&빛그림 체험,3,13,105,,
141,186,예술,모래놀이&빛그림 체험,3,13,105,,
141,280,티켓,모래놀이&빛그림 체험,3,13,105,,
142,214,전시,오로라우주 체험,3,13,105,,
142,34,공연,오로라우주 체험,3,13,105,,
142,41,관람,오로라우주 체험,3,13,105,,
142,109,뮤지컬,오로라우주 체험,3,13,105,,
142,162,실내,오로라우주 체험,3,13,105,,
142,47,극장,오로라우주 체험,3,13,105,,
142,186,예술,오로라우주 체험,3,13,105,,
142,280,티켓,오로라우주 체험,3,13,105,,
143,269,키즈,키즈런,3,13,105,,
143,270,키즈런,키즈런,3,13,105,,
143,193,운동,키즈런,3,13,105,,
143,159,스포츠,키즈런,3,13,105,,
143,73,달리기,키즈런,3,13,105,,
143,198,유아,키즈런,3,13,105,,
143,247,체육,키즈런,3,13,105,,
143,247,체육,키즈런,3,13,105,,
144,26,고구마,고구마캐기 체험,4,13,105,,
144,26,고구마,고구마캐기 체험,4,13,105,,
144,256,캐기,고구마캐기 체험,4,13,105,,
144,67,농장,고구마캐기 체험,4,13,105,,
144,68,농장체험,고구마캐기 체험,4,13,105,,
144,22,감자,고구마캐기 체험,4,13,105,,
144,22,감자,고구마캐기 체험,4,13,105,,
144,256,캐기,고구마캐기 체험,4,13,105,,
144,161,식물,고구마캐기 체험,4,13,105,,
144,66,농사,고구마캐기 체험,4,13,105,,
145,30,곤충,스머프 곤충나라 자연테마체험,5,13,105,,
145,31,곤충체험,스머프 곤충나라 자연테마체험,5,13,105,,
145,209,입장권,스머프 곤충나라 자연테마체험,5,13,105,,
145,122,벌레,스머프 곤충나라 자연테마체험,5,13,105,,
145,67,농장,스머프 곤충나라 자연테마체험,5,13,105,,
